2026-02-03 22:09:25,446 | WARNING | easyocr.easyocr | Using CPU. Note: This module is much faster with a GPU.
2026-02-03 22:11:40,197 | INFO | django.utils.autoreload | C:\Users\tomas\OneDrive\Documentos\vscodepy\LectorFinal\lpd_project\settings.py changed, reloading.
2026-02-03 22:11:42,833 | INFO | django.utils.autoreload | Watching for file changes with StatReloader
2026-02-03 22:12:12,015 | WARNING | easyocr.easyocr | Using CPU. Note: This module is much faster with a GPU.
2026-02-03 22:12:39,075 | INFO | django.server | "POST /upload-analyze/ HTTP/1.1" 302 0
2026-02-03 22:12:39,136 | INFO | django.server | "GET /image-analysis/ HTTP/1.1" 200 28544
2026-02-03 22:14:18,951 | INFO | django.utils.autoreload | C:\Users\tomas\OneDrive\Documentos\vscodepy\LectorFinal\plate_detector\services.py changed, reloading.
2026-02-03 22:14:21,720 | INFO | django.utils.autoreload | Watching for file changes with StatReloader
2026-02-03 22:14:22,400 | INFO | plate_detector | 🎯 Inicializando Sistema de Análisis con YOLOv8...
2026-02-03 22:14:27,149 | INFO | plate_detector | ✅ YOLOv8 cargado en dispositivo: cpu
2026-02-03 22:14:27,149 | INFO | plate_detector | ✅ Modelo YOLO inicializado y listo para detección
2026-02-03 22:14:27,149 | INFO | plate_detector | ✅ Analizador de imágenes completo inicializado
2026-02-03 22:14:27,149 | INFO | plate_detector | 🎯 Sistema de análisis con YOLO listo!
2026-02-03 22:14:33,125 | INFO | django.utils.autoreload | C:\Users\tomas\OneDrive\Documentos\vscodepy\LectorFinal\plate_detector\services.py changed, reloading.
2026-02-03 22:14:35,499 | INFO | django.utils.autoreload | Watching for file changes with StatReloader
2026-02-03 22:14:36,239 | INFO | plate_detector | 🎯 Inicializando Sistema de Análisis con YOLOv8...
2026-02-03 22:14:40,161 | INFO | plate_detector | ✅ YOLOv8 cargado en dispositivo: cpu
2026-02-03 22:14:40,161 | INFO | plate_detector | ✅ Modelo YOLO inicializado y listo para detección
2026-02-03 22:14:40,161 | INFO | plate_detector | ✅ Analizador de imágenes completo inicializado
2026-02-03 22:14:40,161 | INFO | plate_detector | 🎯 Sistema de análisis con YOLO listo!
2026-02-03 22:14:53,422 | INFO | plate_detector | ✅ Imagen guardada en: C:\Users\tomas\OneDrive\Documentos\vscodepy\LectorFinal\media\analyzed\2026\02\03\auto7_gLZonZX.jpg
2026-02-03 22:14:53,422 | INFO | plate_detector | ⏰ INICIANDO PROCESAMIENTO: Procesamiento de imagen: auto7_gLZonZX.jpg
2026-02-03 22:14:53,422 | INFO | plate_detector | 🔍 ANALIZANDO IMAGEN COMPLETA: C:\Users\tomas\OneDrive\Documentos\vscodepy\LectorFinal\media\analyzed\2026\02\03\auto7_gLZonZX.jpg
2026-02-03 22:14:53,464 | INFO | plate_detector | ✅ Imagen cargada: 1024x669
2026-02-03 22:14:53,464 | INFO | plate_detector | 🔍 Escaneando toda la imagen para patentes...
2026-02-03 22:14:54,088 | INFO | plate_detector | ✅ YOLO encontró 3 objetos
2026-02-03 22:14:54,162 | INFO | plate_detector | ✅ Búsqueda por forma encontró 0 candidatos
2026-02-03 22:14:54,172 | INFO | plate_detector | ✅ Búsqueda por color encontró 9 candidatos
2026-02-03 22:14:54,172 | INFO | plate_detector | 🔍 Escaneando 1x1 cuadrícula (1 celdas)...
2026-02-03 22:14:54,296 | INFO | plate_detector | 📍 Celda [0,0]: 0 forma, 9 color
2026-02-03 22:14:54,297 | INFO | plate_detector | ✅ Escaneo en cuadrícula encontró 9 candidatos
2026-02-03 22:14:58,949 | WARNING | easyocr.easyocr | Using CPU. Note: This module is much faster with a GPU.
2026-02-03 22:15:04,066 | INFO | plate_detector | C:\Users\tomas\OneDrive\Documentos\vscodepy\LectorFinal\lector\Lib\site-packages\torch\utils\data\dataloader.py:666: UserWarning: 'pin_memory' argument is set as true but no accelerator is found, then device pinned memory won't be used.
  warnings.warn(warn_msg)
2026-02-03 22:15:04,216 | INFO | plate_detector | 3
2026-02-03 22:15:04,216 | INFO | plate_detector | ['AC' '778' 'KP']
2026-02-03 22:15:04,216 | INFO | plate_detector | ✅ PATENTE ENCONTRADA: AC 778 KP
2026-02-03 22:15:15,251 | INFO | plate_detector | C:\Users\tomas\OneDrive\Documentos\vscodepy\LectorFinal\lector\Lib\site-packages\torch\utils\data\dataloader.py:666: UserWarning: 'pin_memory' argument is set as true but no accelerator is found, then device pinned memory won't be used.
  warnings.warn(warn_msg)
2026-02-03 22:15:15,323 | INFO | plate_detector | 1
2026-02-03 22:15:15,323 | INFO | plate_detector | ['JSEAN']
2026-02-03 22:15:17,075 | INFO | plate_detector | 3
2026-02-03 22:15:17,075 | INFO | plate_detector | ['AC' '778' 'KP']
2026-02-03 22:15:17,075 | INFO | plate_detector | ✅ PATENTE ENCONTRADA: AC 778 KP
2026-02-03 22:15:25,810 | INFO | plate_detector | 1
2026-02-03 22:15:25,810 | INFO | plate_detector | ['JSEAN']
2026-02-03 22:15:26,371 | INFO | plate_detector | ✅ Análisis COMPLETO: 21 objetos, 2 patentes
2026-02-03 22:15:26,371 | INFO | plate_detector | ⏰ ✅ COMPLETADO: Procesamiento de imagen: auto7_gLZonZX.jpg
2026-02-03 22:15:26,371 | INFO | plate_detector | ⏰ TIEMPO TOTAL: 32.95 segundos
2026-02-03 22:15:26,419 | INFO | plate_detector | ✅ Imagen anotada creada correctamente
2026-02-03 22:15:26,427 | INFO | plate_detector | ✅ Imagen anotada guardada en: C:\Users\tomas\OneDrive\Documentos\vscodepy\LectorFinal\media\analyzed\2026\02\03\auto7_gLZonZX_annotated.jpg
2026-02-03 22:15:26,438 | INFO | django.server | "POST /upload-analyze/ HTTP/1.1" 302 0
2026-02-03 22:15:26,504 | INFO | django.server | "GET /image-analysis/ HTTP/1.1" 200 28537
2026-02-03 22:20:48,654 | INFO | django.server | "GET /dashboard/ HTTP/1.1" 200 46313
2026-02-03 22:20:48,823 | INFO | django.server | "GET /media/analyzed/2026/02/03/auto7_TG9XESv.jpg HTTP/1.1" 304 0
2026-02-03 22:20:48,840 | INFO | django.server | "GET /media/analyzed/2026/02/03/auto7_zSeALDX.jpg HTTP/1.1" 304 0
2026-02-03 22:20:49,091 | INFO | django.server | "GET /media/analyzed/2026/02/03/auto7_0ZTbc5m.jpg HTTP/1.1" 200 93707
2026-02-03 22:20:49,101 | INFO | django.server | "GET /media/analyzed/2026/02/03/auto7_wMeOKae.jpg HTTP/1.1" 200 93707
2026-02-03 22:20:49,112 | INFO | django.server | "GET /media/analyzed/2026/02/03/auto7_TvcEMWL.jpg HTTP/1.1" 200 93707
2026-02-03 22:20:49,116 | INFO | django.server | "GET /media/analyzed/2026/02/03/auto7_gLZonZX.jpg HTTP/1.1" 200 93707
2026-02-03 22:20:54,463 | INFO | django.server | "GET /plates/ HTTP/1.1" 200 93121
2026-02-03 22:20:54,578 | INFO | django.server | "GET /media/analyzed/2025/11/07/NPAZ_888c03e1a35846d8a9178930be95b199.jpg HTTP/1.1" 200 270456
2026-02-03 22:20:54,634 | INFO | django.server | "GET /media/analyzed/2025/11/07/s8d1o0yuw7p91_UHoEp0D.jpg HTTP/1.1" 200 61862
2026-02-03 22:20:54,766 | INFO | django.server | "GET /media/analyzed/2025/11/05/s8d1o0yuw7p91_IsOsNL3.jpg HTTP/1.1" 200 61862
2026-02-03 22:20:56,169 | INFO | django.server | "GET /vehicles/ HTTP/1.1" 200 17247
2026-02-03 22:20:57,481 | INFO | django.server | "GET /settings/ HTTP/1.1" 200 21471
2026-02-03 22:20:59,077 | INFO | django.server | "GET /dashboard/ HTTP/1.1" 200 46313
2026-02-03 22:21:00,231 | INFO | django.server | "GET /image-analysis/ HTTP/1.1" 200 28225
2026-02-03 22:21:01,440 | INFO | django.server | "GET /plates/ HTTP/1.1" 200 93121
2026-02-03 22:21:03,295 | INFO | django.server | "GET /image-analysis/ HTTP/1.1" 200 28225
2026-02-03 22:21:04,402 | INFO | django.server | "GET /plates/ HTTP/1.1" 200 93121
2026-02-03 22:21:17,619 | INFO | django.server | "GET /plates/ HTTP/1.1" 200 93121
2026-02-03 22:21:20,278 | INFO | django.server | "GET /plates/ HTTP/1.1" 200 93121
2026-02-03 22:21:21,704 | INFO | django.server | "GET /vehicles/ HTTP/1.1" 200 17247
2026-02-03 22:21:58,154 | INFO | django.server | "POST /vehicles/ HTTP/1.1" 302 0
2026-02-03 22:21:58,187 | INFO | django.server | "GET /vehicles/ HTTP/1.1" 200 18686
2026-02-03 22:22:03,373 | INFO | django.server | "GET /image-analysis/ HTTP/1.1" 200 28225
2026-02-03 22:22:07,257 | INFO | django.server | "GET /plates/ HTTP/1.1" 200 92849
2026-02-03 22:22:07,342 | INFO | django.server | "GET /media/analyzed/2026/02/03/auto7_gLZonZX.jpg HTTP/1.1" 304 0
2026-02-03 22:22:07,363 | INFO | django.server | "GET /media/analyzed/2026/02/03/auto7_TvcEMWL.jpg HTTP/1.1" 304 0
2026-02-03 22:22:07,373 | INFO | django.server | "GET /media/analyzed/2026/02/03/auto7_wMeOKae.jpg HTTP/1.1" 304 0
2026-02-03 22:22:22,548 | INFO | django.server | "GET /settings/ HTTP/1.1" 200 21471
2026-02-03 22:22:28,575 | INFO | django.server | "POST /settings/clear-old-data/ HTTP/1.1" 200 137
2026-02-03 22:22:30,631 | INFO | django.server | "GET /settings/ HTTP/1.1" 200 21790
2026-02-03 22:22:32,827 | INFO | django.server | "GET /plates/ HTTP/1.1" 200 43358
2026-02-03 22:22:32,932 | INFO | django.server | "GET /media/analyzed/2026/02/03/auto7_TG9XESv.jpg HTTP/1.1" 304 0
2026-02-03 22:22:32,934 | INFO | django.server | "GET /media/analyzed/2026/02/03/auto7_0ZTbc5m.jpg HTTP/1.1" 304 0
2026-02-03 22:22:41,595 | INFO | django.server | "GET /dashboard/ HTTP/1.1" 200 43184
2026-02-03 22:22:52,520 | INFO | django.server | "GET /image-analysis/ HTTP/1.1" 200 22199
2026-02-03 22:23:02,952 | INFO | plate_detector | ✅ Imagen guardada en: C:\Users\tomas\OneDrive\Documentos\vscodepy\LectorFinal\media\analyzed\2026\02\03\8m9OkE_P-P5fZoPdRHQIqFVaancshPP32ceQy3FFUGA_1.jpg
2026-02-03 22:23:02,952 | INFO | plate_detector | ⏰ INICIANDO PROCESAMIENTO: Procesamiento de imagen: 8m9OkE_P-P5fZoPdRHQIqFVaancshPP32ceQy3FFUGA_1.jpg
2026-02-03 22:23:02,952 | INFO | plate_detector | 🔍 ANALIZANDO IMAGEN COMPLETA: C:\Users\tomas\OneDrive\Documentos\vscodepy\LectorFinal\media\analyzed\2026\02\03\8m9OkE_P-P5fZoPdRHQIqFVaancshPP32ceQy3FFUGA_1.jpg
2026-02-03 22:23:03,001 | INFO | plate_detector | ✅ Imagen cargada: 640x360
2026-02-03 22:23:03,001 | INFO | plate_detector | 🔍 Escaneando toda la imagen para patentes...
2026-02-03 22:23:03,415 | INFO | plate_detector | ✅ YOLO encontró 3 objetos
2026-02-03 22:23:03,447 | INFO | plate_detector | ✅ Búsqueda por forma encontró 2 candidatos
2026-02-03 22:23:03,450 | INFO | plate_detector | ✅ Búsqueda por color encontró 2 candidatos
2026-02-03 22:23:03,450 | INFO | plate_detector | 🔍 Escaneando 1x1 cuadrícula (1 celdas)...
2026-02-03 22:23:03,484 | INFO | plate_detector | 📍 Celda [0,0]: 2 forma, 2 color
2026-02-03 22:23:03,486 | INFO | plate_detector | ✅ Escaneo en cuadrícula encontró 4 candidatos
2026-02-03 22:23:06,775 | INFO | plate_detector | 1
2026-02-03 22:23:06,775 | INFO | plate_detector | ['ORTOOO']
2026-02-03 22:23:11,516 | INFO | plate_detector | 1
2026-02-03 22:23:11,516 | INFO | plate_detector | ['ORTOOO']
2026-02-03 22:23:13,125 | INFO | plate_detector | ✅ Análisis COMPLETO: 11 objetos, 0 patentes
2026-02-03 22:23:13,127 | INFO | plate_detector | ⏰ ✅ COMPLETADO: Procesamiento de imagen: 8m9OkE_P-P5fZoPdRHQIqFVaancshPP32ceQy3FFUGA_1.jpg
2026-02-03 22:23:13,127 | INFO | plate_detector | ⏰ TIEMPO TOTAL: 10.17 segundos
2026-02-03 22:23:13,146 | INFO | plate_detector | ✅ Imagen anotada creada correctamente
2026-02-03 22:23:13,151 | INFO | plate_detector | ✅ Imagen anotada guardada en: C:\Users\tomas\OneDrive\Documentos\vscodepy\LectorFinal\media\analyzed\2026\02\03\8m9OkE_P-P5fZoPdRHQIqFVaancshPP32ceQy3FFUGA_1_annotated.jpg
2026-02-03 22:23:13,151 | INFO | django.server | "POST /upload-analyze/ HTTP/1.1" 302 0
2026-02-03 22:23:13,175 | INFO | django.server | "GET /image-analysis/ HTTP/1.1" 200 23880
2026-02-03 22:23:52,184 | INFO | django.server | "GET /dashboard/ HTTP/1.1" 200 45137
2026-02-03 22:23:52,279 | INFO | django.server | "GET /media/analyzed/2026/02/03/8m9OkE_P-P5fZoPdRHQIqFVaancshPP32ceQy3FFUGA_1.jpg HTTP/1.1" 200 27686
2026-02-03 22:23:52,283 | INFO | django.server | "GET /media/analyzed/2026/02/03/auto7_TvcEMWL.jpg HTTP/1.1" 304 0
2026-02-03 22:23:52,287 | INFO | django.server | "GET /media/analyzed/2026/02/03/auto7_gLZonZX.jpg HTTP/1.1" 304 0
2026-02-03 22:23:52,289 | INFO | django.server | "GET /media/analyzed/2026/02/03/auto7_wMeOKae.jpg HTTP/1.1" 304 0
2026-02-03 22:23:52,304 | INFO | django.server | "GET /media/analyzed/2026/02/03/auto7_zSeALDX.jpg HTTP/1.1" 304 0
2026-03-05 14:41:21,570 | INFO | plate_detector | 🎯 Inicializando Sistema de Análisis con YOLOv8...
2026-03-05 14:41:30,135 | INFO | plate_detector | ✅ YOLOv8 cargado en dispositivo: cpu
2026-03-05 14:41:30,135 | INFO | plate_detector | ✅ Modelo YOLO inicializado y listo para detección
2026-03-05 14:41:30,135 | INFO | plate_detector | ✅ Analizador de imágenes completo inicializado
2026-03-05 14:41:30,135 | INFO | plate_detector | 🎯 Sistema de análisis con YOLO listo!
2026-03-05 14:41:30,219 | INFO | plate_detector | ----------------------------------------------------------------------
2026-03-05 14:41:30,219 | INFO | plate_detector | Ran 0 tests in 0.000s
2026-03-05 14:41:30,219 | INFO | plate_detector | NO TESTS RAN
2026-03-05 14:56:19,799 | INFO | plate_detector | 🎯 Inicializando Sistema de Análisis con YOLOv8...
2026-03-05 14:56:24,761 | INFO | plate_detector | ✅ YOLOv8 cargado en dispositivo: cpu
2026-03-05 14:56:24,761 | INFO | plate_detector | ✅ Modelo YOLO inicializado y listo para detección
2026-03-05 14:56:24,761 | INFO | plate_detector | ✅ Analizador de imágenes completo inicializado
2026-03-05 14:56:24,761 | INFO | plate_detector | 🎯 Sistema de análisis con YOLO listo!
2026-03-05 14:56:24,763 | INFO | plate_detector | Found 0 test(s).
2026-03-05 14:56:24,913 | INFO | plate_detector | System check identified no issues (0 silenced).
2026-03-05 14:56:24,913 | INFO | plate_detector | ----------------------------------------------------------------------
2026-03-05 14:56:24,913 | INFO | plate_detector | Ran 0 tests in 0.000s
2026-03-05 14:56:24,913 | INFO | plate_detector | NO TESTS RAN
2026-03-05 14:58:49,767 | INFO | plate_detector | 🎯 Inicializando Sistema de Análisis con YOLOv8...
2026-03-05 14:58:53,304 | INFO | plate_detector | ✅ YOLOv8 cargado en dispositivo: cpu
2026-03-05 14:58:53,304 | INFO | plate_detector | ✅ Modelo YOLO inicializado y listo para detección
2026-03-05 14:58:53,304 | INFO | plate_detector | ✅ Analizador de imágenes completo inicializado
2026-03-05 14:58:53,304 | INFO | plate_detector | 🎯 Sistema de análisis con YOLO listo!
2026-03-05 14:58:53,304 | INFO | plate_detector | Found 0 test(s).
2026-03-05 14:58:53,426 | INFO | plate_detector | System check identified no issues (0 silenced).
2026-03-05 14:58:53,426 | INFO | plate_detector | ----------------------------------------------------------------------
2026-03-05 14:58:53,426 | INFO | plate_detector | Ran 0 tests in 0.000s
2026-03-05 14:58:53,426 | INFO | plate_detector | NO TESTS RAN
2026-03-05 14:59:52,345 | INFO | plate_detector | 🎯 Inicializando Sistema de Análisis con YOLOv8...
2026-03-05 14:59:56,224 | INFO | plate_detector | ✅ YOLOv8 cargado en dispositivo: cpu
2026-03-05 14:59:56,226 | INFO | plate_detector | ✅ Modelo YOLO inicializado y listo para detección
2026-03-05 14:59:56,226 | INFO | plate_detector | ✅ Analizador de imágenes completo inicializado
2026-03-05 14:59:56,226 | INFO | plate_detector | 🎯 Sistema de análisis con YOLO listo!
2026-03-05 15:00:06,149 | WARNING | easyocr.easyocr | Using CPU. Note: This module is much faster with a GPU.
2026-03-05 15:05:20,403 | INFO | plate_detector | 🎯 Inicializando Sistema de Análisis con YOLOv8...
2026-03-05 15:05:24,894 | INFO | plate_detector | ✅ YOLOv8 cargado en dispositivo: cpu
2026-03-05 15:05:24,894 | INFO | plate_detector | ✅ Modelo YOLO inicializado y listo para detección
2026-03-05 15:05:24,894 | INFO | plate_detector | ✅ Analizador de imágenes completo inicializado
2026-03-05 15:05:24,894 | INFO | plate_detector | 🎯 Sistema de análisis con YOLO listo!
2026-03-05 15:08:11,726 | INFO | plate_detector | 🎯 Inicializando Sistema de Análisis con YOLOv8...
2026-03-05 15:08:16,292 | INFO | plate_detector | ✅ YOLOv8 cargado en dispositivo: cpu
2026-03-05 15:08:16,292 | INFO | plate_detector | ✅ Modelo YOLO inicializado y listo para detección
2026-03-05 15:08:16,292 | INFO | plate_detector | ✅ Analizador de imágenes completo inicializado
2026-03-05 15:08:16,292 | INFO | plate_detector | 🎯 Sistema de análisis con YOLO listo!
2026-03-05 15:11:41,387 | INFO | plate_detector | 🎯 Inicializando Sistema de Análisis con YOLOv8...
2026-03-05 15:11:45,602 | INFO | plate_detector | ✅ YOLOv8 cargado en dispositivo: cpu
2026-03-05 15:11:45,602 | INFO | plate_detector | ✅ Modelo YOLO inicializado y listo para detección
2026-03-05 15:11:45,602 | INFO | plate_detector | ✅ Analizador de imágenes completo inicializado
2026-03-05 15:11:45,602 | INFO | plate_detector | 🎯 Sistema de análisis con YOLO listo!
2026-03-05 15:12:39,632 | INFO | plate_detector | 🎯 Inicializando Sistema de Análisis con YOLOv8...
2026-03-05 15:12:43,582 | INFO | plate_detector | ✅ YOLOv8 cargado en dispositivo: cpu
2026-03-05 15:12:43,583 | INFO | plate_detector | ✅ Modelo YOLO inicializado y listo para detección
2026-03-05 15:12:43,583 | INFO | plate_detector | ✅ Analizador de imágenes completo inicializado
2026-03-05 15:12:43,583 | INFO | plate_detector | 🎯 Sistema de análisis con YOLO listo!
2026-03-05 15:12:43,694 | INFO | plate_detector | ✅ YOLOv8 cargado en dispositivo: cpu
2026-03-05 15:12:43,694 | INFO | plate_detector | ✅ Modelo YOLO inicializado y listo para detección
2026-03-05 15:12:43,694 | INFO | plate_detector | ✅ Analizador de imágenes completo inicializado
2026-03-05 15:12:43,694 | INFO | plate_detector | ⏰ INICIANDO PROCESAMIENTO: Procesamiento de imagen: AA000AA.png
2026-03-05 15:12:43,694 | INFO | plate_detector | 🔍 ANALIZANDO IMAGEN COMPLETA: C:\Users\tomas\OneDrive\Documentos\vscodepy\LectorFinal\autos\AA000AA.png
2026-03-05 15:12:43,746 | INFO | plate_detector | ✅ Imagen cargada: 1200x1210
2026-03-05 15:12:43,746 | INFO | plate_detector | 🔍 Escaneando toda la imagen para patentes...
2026-03-05 15:12:44,185 | INFO | plate_detector | ✅ YOLO encontró 3 objetos
2026-03-05 15:12:44,362 | INFO | plate_detector | ✅ Búsqueda por forma encontró 0 candidatos
2026-03-05 15:12:44,376 | INFO | plate_detector | ✅ Búsqueda por color encontró 6 candidatos
2026-03-05 15:12:44,376 | INFO | plate_detector | 🔍 Escaneando 1x1 cuadrícula (1 celdas)...
2026-03-05 15:12:44,539 | INFO | plate_detector | 📍 Celda [0,0]: 0 forma, 6 color
2026-03-05 15:12:44,539 | INFO | plate_detector | ✅ Escaneo en cuadrícula encontró 6 candidatos
2026-03-05 15:12:49,438 | WARNING | easyocr.easyocr | Using CPU. Note: This module is much faster with a GPU.
2026-03-05 15:13:01,182 | INFO | plate_detector | 1
2026-03-05 15:13:01,182 | INFO | plate_detector | ['GORD']
2026-03-05 15:13:06,695 | INFO | plate_detector | 1
2026-03-05 15:13:06,695 | INFO | plate_detector | ['GORD']
2026-03-05 15:13:08,972 | INFO | plate_detector | ✅ Análisis COMPLETO: 15 objetos, 0 patentes
2026-03-05 15:13:08,972 | INFO | plate_detector | ⏰ ✅ COMPLETADO: Procesamiento de imagen: AA000AA.png
2026-03-05 15:13:08,972 | INFO | plate_detector | ⏰ TIEMPO TOTAL: 25.28 segundos
2026-03-05 15:13:08,972 | INFO | plate_detector | ⏰ INICIANDO PROCESAMIENTO: Procesamiento de imagen: AA021ID.jpg
2026-03-05 15:13:08,972 | INFO | plate_detector | 🔍 ANALIZANDO IMAGEN COMPLETA: C:\Users\tomas\OneDrive\Documentos\vscodepy\LectorFinal\autos\AA021ID.jpg
2026-03-05 15:13:08,999 | INFO | plate_detector | ✅ Imagen cargada: 2000x1500
2026-03-05 15:13:09,000 | INFO | plate_detector | 🔍 Escaneando toda la imagen para patentes...
2026-03-05 15:13:09,169 | INFO | plate_detector | ✅ YOLO encontró 1 objetos
2026-03-05 15:13:09,411 | INFO | plate_detector | ✅ Búsqueda por forma encontró 6 candidatos
2026-03-05 15:13:09,436 | INFO | plate_detector | ✅ Búsqueda por color encontró 8 candidatos
2026-03-05 15:13:09,436 | INFO | plate_detector | 🔍 Escaneando 1x1 cuadrícula (1 celdas)...
2026-03-05 15:13:09,709 | INFO | plate_detector | 📍 Celda [0,0]: 6 forma, 8 color
2026-03-05 15:13:09,709 | INFO | plate_detector | ✅ Escaneo en cuadrícula encontró 14 candidatos
2026-03-05 15:13:12,046 | INFO | plate_detector | 1
2026-03-05 15:13:12,046 | INFO | plate_detector | ['OU']
2026-03-05 15:13:27,748 | INFO | plate_detector | 1
2026-03-05 15:13:27,748 | INFO | plate_detector | ['OU']
2026-03-05 15:13:40,930 | INFO | plate_detector | ✅ Análisis COMPLETO: 29 objetos, 0 patentes
2026-03-05 15:13:40,930 | INFO | plate_detector | ⏰ ✅ COMPLETADO: Procesamiento de imagen: AA021ID.jpg
2026-03-05 15:13:40,930 | INFO | plate_detector | ⏰ TIEMPO TOTAL: 31.96 segundos
2026-03-05 15:13:40,930 | INFO | plate_detector | ⏰ INICIANDO PROCESAMIENTO: Procesamiento de imagen: AB123CD.jpg
2026-03-05 15:13:40,930 | INFO | plate_detector | 🔍 ANALIZANDO IMAGEN COMPLETA: C:\Users\tomas\OneDrive\Documentos\vscodepy\LectorFinal\autos\AB123CD.jpg
2026-03-05 15:13:40,945 | INFO | plate_detector | ✅ Imagen cargada: 1200x675
2026-03-05 15:13:40,945 | INFO | plate_detector | 🔍 Escaneando toda la imagen para patentes...
2026-03-05 15:13:41,114 | INFO | plate_detector | ✅ YOLO encontró 5 objetos
2026-03-05 15:13:41,215 | INFO | plate_detector | ✅ Búsqueda por forma encontró 1 candidatos
2026-03-05 15:13:41,221 | INFO | plate_detector | ✅ Búsqueda por color encontró 12 candidatos
2026-03-05 15:13:41,223 | INFO | plate_detector | 🔍 Escaneando 1x1 cuadrícula (1 celdas)...
2026-03-05 15:13:41,324 | INFO | plate_detector | 📍 Celda [0,0]: 1 forma, 12 color
2026-03-05 15:13:41,324 | INFO | plate_detector | ✅ Escaneo en cuadrícula encontró 13 candidatos
2026-03-05 15:13:44,949 | INFO | plate_detector | 3
2026-03-05 15:13:44,949 | INFO | plate_detector | ['AB' '123' 'CD']
2026-03-05 15:13:44,951 | INFO | plate_detector | ✅ PATENTE ENCONTRADA: AB 123 CD
2026-03-05 15:13:52,960 | INFO | plate_detector | 2
2026-03-05 15:13:52,962 | INFO | plate_detector | ['AB' '123C0']
2026-03-05 15:13:52,962 | INFO | plate_detector | ✅ PATENTE ENCONTRADA: AB 123C0
2026-03-05 15:13:57,711 | INFO | plate_detector | 3
2026-03-05 15:13:57,711 | INFO | plate_detector | ['AB' '123' 'CD']
2026-03-05 15:13:57,711 | INFO | plate_detector | ✅ PATENTE ENCONTRADA: AB 123 CD
2026-03-05 15:14:06,102 | INFO | plate_detector | 2
2026-03-05 15:14:06,102 | INFO | plate_detector | ['AB' '123C0']
2026-03-05 15:14:06,102 | INFO | plate_detector | ✅ PATENTE ENCONTRADA: AB 123C0
2026-03-05 15:14:09,454 | INFO | plate_detector | ✅ Análisis COMPLETO: 31 objetos, 4 patentes
2026-03-05 15:14:09,454 | INFO | plate_detector | ⏰ ✅ COMPLETADO: Procesamiento de imagen: AB123CD.jpg
2026-03-05 15:14:09,454 | INFO | plate_detector | ⏰ TIEMPO TOTAL: 28.52 segundos
2026-03-05 15:14:09,454 | INFO | plate_detector | ⏰ INICIANDO PROCESAMIENTO: Procesamiento de imagen: AB803SX.jpg
2026-03-05 15:14:09,454 | INFO | plate_detector | 🔍 ANALIZANDO IMAGEN COMPLETA: C:\Users\tomas\OneDrive\Documentos\vscodepy\LectorFinal\autos\AB803SX.jpg
2026-03-05 15:14:09,469 | INFO | plate_detector | ✅ Imagen cargada: 299x168
2026-03-05 15:14:09,469 | INFO | plate_detector | 🔍 Escaneando toda la imagen para patentes...
2026-03-05 15:14:09,576 | INFO | plate_detector | ✅ YOLO encontró 0 objetos
2026-03-05 15:14:09,583 | INFO | plate_detector | ✅ Búsqueda por forma encontró 1 candidatos
2026-03-05 15:14:09,583 | INFO | plate_detector | ✅ Búsqueda por color encontró 3 candidatos
2026-03-05 15:14:09,583 | INFO | plate_detector | 🔍 Escaneando 1x1 cuadrícula (1 celdas)...
2026-03-05 15:14:09,592 | INFO | plate_detector | 📍 Celda [0,0]: 1 forma, 3 color
2026-03-05 15:14:09,592 | INFO | plate_detector | ✅ Escaneo en cuadrícula encontró 4 candidatos
2026-03-05 15:14:09,592 | INFO | plate_detector | ✅ Análisis COMPLETO: 8 objetos, 0 patentes
2026-03-05 15:14:09,592 | INFO | plate_detector | ⏰ ✅ COMPLETADO: Procesamiento de imagen: AB803SX.jpg
2026-03-05 15:14:09,592 | INFO | plate_detector | ⏰ TIEMPO TOTAL: 0.14 segundos
2026-03-05 15:14:09,592 | INFO | plate_detector | ⏰ INICIANDO PROCESAMIENTO: Procesamiento de imagen: AC778KP.jpg
2026-03-05 15:14:09,592 | INFO | plate_detector | 🔍 ANALIZANDO IMAGEN COMPLETA: C:\Users\tomas\OneDrive\Documentos\vscodepy\LectorFinal\autos\AC778KP.jpg
2026-03-05 15:14:09,620 | INFO | plate_detector | ✅ Imagen cargada: 1024x669
2026-03-05 15:14:09,620 | INFO | plate_detector | 🔍 Escaneando toda la imagen para patentes...
2026-03-05 15:14:09,783 | INFO | plate_detector | ✅ YOLO encontró 3 objetos
2026-03-05 15:14:09,848 | INFO | plate_detector | ✅ Búsqueda por forma encontró 0 candidatos
2026-03-05 15:14:09,855 | INFO | plate_detector | ✅ Búsqueda por color encontró 9 candidatos
2026-03-05 15:14:09,855 | INFO | plate_detector | 🔍 Escaneando 1x1 cuadrícula (1 celdas)...
2026-03-05 15:14:09,928 | INFO | plate_detector | 📍 Celda [0,0]: 0 forma, 9 color
2026-03-05 15:14:09,930 | INFO | plate_detector | ✅ Escaneo en cuadrícula encontró 9 candidatos
2026-03-05 15:14:10,767 | INFO | plate_detector | 3
2026-03-05 15:14:10,767 | INFO | plate_detector | ['AC' '778' 'KP']
2026-03-05 15:14:10,767 | INFO | plate_detector | ✅ PATENTE ENCONTRADA: AC 778 KP
2026-03-05 15:14:18,700 | INFO | plate_detector | 1
2026-03-05 15:14:18,700 | INFO | plate_detector | ['JSEAN']
2026-03-05 15:14:20,066 | INFO | plate_detector | 3
2026-03-05 15:14:20,066 | INFO | plate_detector | ['AC' '778' 'KP']
2026-03-05 15:14:20,066 | INFO | plate_detector | ✅ PATENTE ENCONTRADA: AC 778 KP
2026-03-05 15:14:27,524 | INFO | plate_detector | 1
2026-03-05 15:14:27,524 | INFO | plate_detector | ['JSEAN']
2026-03-05 15:14:27,997 | INFO | plate_detector | ✅ Análisis COMPLETO: 21 objetos, 2 patentes
2026-03-05 15:14:27,997 | INFO | plate_detector | ⏰ ✅ COMPLETADO: Procesamiento de imagen: AC778KP.jpg
2026-03-05 15:14:27,997 | INFO | plate_detector | ⏰ TIEMPO TOTAL: 18.41 segundos
2026-03-05 15:14:27,997 | INFO | plate_detector | ⏰ INICIANDO PROCESAMIENTO: Procesamiento de imagen: AD750EX.jpg
2026-03-05 15:14:27,997 | INFO | plate_detector | 🔍 ANALIZANDO IMAGEN COMPLETA: C:\Users\tomas\OneDrive\Documentos\vscodepy\LectorFinal\autos\AD750EX.jpg
2026-03-05 15:14:28,019 | INFO | plate_detector | ✅ Imagen cargada: 1599x491
2026-03-05 15:14:28,019 | INFO | plate_detector | 🔍 Escaneando toda la imagen para patentes...
2026-03-05 15:14:28,148 | INFO | plate_detector | ✅ YOLO encontró 1 objetos
2026-03-05 15:14:28,231 | INFO | plate_detector | ✅ Búsqueda por forma encontró 1 candidatos
2026-03-05 15:14:28,237 | INFO | plate_detector | ✅ Búsqueda por color encontró 3 candidatos
2026-03-05 15:14:28,237 | INFO | plate_detector | 🔍 Escaneando 1x1 cuadrícula (1 celdas)...
2026-03-05 15:14:28,326 | INFO | plate_detector | 📍 Celda [0,0]: 1 forma, 3 color
2026-03-05 15:14:28,328 | INFO | plate_detector | ✅ Escaneo en cuadrícula encontró 4 candidatos
2026-03-05 15:14:36,779 | INFO | plate_detector | ✅ Análisis COMPLETO: 9 objetos, 0 patentes
2026-03-05 15:14:36,779 | INFO | plate_detector | ⏰ ✅ COMPLETADO: Procesamiento de imagen: AD750EX.jpg
2026-03-05 15:14:36,779 | INFO | plate_detector | ⏰ TIEMPO TOTAL: 8.78 segundos
2026-03-05 15:14:36,779 | INFO | plate_detector | ⏰ INICIANDO PROCESAMIENTO: Procesamiento de imagen: AE486WE.jpg
2026-03-05 15:14:36,779 | INFO | plate_detector | 🔍 ANALIZANDO IMAGEN COMPLETA: C:\Users\tomas\OneDrive\Documentos\vscodepy\LectorFinal\autos\AE486WE.jpg
2026-03-05 15:14:36,797 | INFO | plate_detector | ✅ Imagen cargada: 300x168
2026-03-05 15:14:36,797 | INFO | plate_detector | 🔍 Escaneando toda la imagen para patentes...
2026-03-05 15:14:36,919 | INFO | plate_detector | ✅ YOLO encontró 2 objetos
2026-03-05 15:14:36,927 | INFO | plate_detector | ✅ Búsqueda por forma encontró 0 candidatos
2026-03-05 15:14:36,930 | INFO | plate_detector | ✅ Búsqueda por color encontró 3 candidatos
2026-03-05 15:14:36,930 | INFO | plate_detector | 🔍 Escaneando 1x1 cuadrícula (1 celdas)...
2026-03-05 15:14:36,939 | INFO | plate_detector | 📍 Celda [0,0]: 0 forma, 3 color
2026-03-05 15:14:36,939 | INFO | plate_detector | ✅ Escaneo en cuadrícula encontró 3 candidatos
2026-03-05 15:14:37,951 | INFO | plate_detector | 1
2026-03-05 15:14:37,951 | INFO | plate_detector | ['ARE']
2026-03-05 15:14:39,503 | INFO | plate_detector | 1
2026-03-05 15:14:39,503 | INFO | plate_detector | ['ARE']
2026-03-05 15:14:40,110 | INFO | plate_detector | ✅ Análisis COMPLETO: 8 objetos, 0 patentes
2026-03-05 15:14:40,110 | INFO | plate_detector | ⏰ ✅ COMPLETADO: Procesamiento de imagen: AE486WE.jpg
2026-03-05 15:14:40,110 | INFO | plate_detector | ⏰ TIEMPO TOTAL: 3.33 segundos
2026-03-05 15:14:40,110 | INFO | plate_detector | ⏰ INICIANDO PROCESAMIENTO: Procesamiento de imagen: AF354NU.jpg
2026-03-05 15:14:40,110 | INFO | plate_detector | 🔍 ANALIZANDO IMAGEN COMPLETA: C:\Users\tomas\OneDrive\Documentos\vscodepy\LectorFinal\autos\AF354NU.jpg
2026-03-05 15:14:40,122 | INFO | plate_detector | ✅ Imagen cargada: 259x194
2026-03-05 15:14:40,122 | INFO | plate_detector | 🔍 Escaneando toda la imagen para patentes...
2026-03-05 15:14:40,318 | INFO | plate_detector | ✅ YOLO encontró 0 objetos
2026-03-05 15:14:40,326 | INFO | plate_detector | ✅ Búsqueda por forma encontró 5 candidatos
2026-03-05 15:14:40,326 | INFO | plate_detector | ✅ Búsqueda por color encontró 0 candidatos
2026-03-05 15:14:40,326 | INFO | plate_detector | 🔍 Escaneando 1x1 cuadrícula (1 celdas)...
2026-03-05 15:14:40,335 | INFO | plate_detector | 📍 Celda [0,0]: 5 forma, 0 color
2026-03-05 15:14:40,335 | INFO | plate_detector | ✅ Escaneo en cuadrícula encontró 5 candidatos
2026-03-05 15:14:44,743 | INFO | plate_detector | ✅ Análisis COMPLETO: 10 objetos, 0 patentes
2026-03-05 15:14:44,743 | INFO | plate_detector | ⏰ ✅ COMPLETADO: Procesamiento de imagen: AF354NU.jpg
2026-03-05 15:14:44,743 | INFO | plate_detector | ⏰ TIEMPO TOTAL: 4.63 segundos
2026-03-05 15:14:44,743 | INFO | plate_detector | ⏰ INICIANDO PROCESAMIENTO: Procesamiento de imagen: auto6.png
2026-03-05 15:14:44,743 | INFO | plate_detector | 🔍 ANALIZANDO IMAGEN COMPLETA: C:\Users\tomas\OneDrive\Documentos\vscodepy\LectorFinal\autos\auto6.png
2026-03-05 15:14:44,768 | INFO | plate_detector | ✅ Imagen cargada: 642x482
2026-03-05 15:14:44,770 | INFO | plate_detector | 🔍 Escaneando toda la imagen para patentes...
2026-03-05 15:14:44,892 | INFO | plate_detector | ✅ YOLO encontró 0 objetos
2026-03-05 15:14:44,922 | INFO | plate_detector | ✅ Búsqueda por forma encontró 28 candidatos
2026-03-05 15:14:44,928 | INFO | plate_detector | ✅ Búsqueda por color encontró 3 candidatos
2026-03-05 15:14:44,928 | INFO | plate_detector | 🔍 Escaneando 1x1 cuadrícula (1 celdas)...
2026-03-05 15:14:44,959 | INFO | plate_detector | 📍 Celda [0,0]: 28 forma, 3 color
2026-03-05 15:14:44,959 | INFO | plate_detector | ✅ Escaneo en cuadrícula encontró 31 candidatos
2026-03-05 15:14:45,654 | INFO | plate_detector | 1
2026-03-05 15:14:45,654 | INFO | plate_detector | ['UAUGURY']
2026-03-05 15:14:45,654 | INFO | plate_detector | 2
2026-03-05 15:14:45,654 | INFO | plate_detector | ['ABC' '1234']
2026-03-05 15:14:45,654 | INFO | plate_detector | ✅ PATENTE ENCONTRADA: ABC 1234
2026-03-05 15:14:46,538 | INFO | plate_detector | 3
2026-03-05 15:14:46,538 | INFO | plate_detector | ['REPUBLICA' 'DEL' 'FARAGU;Y']
2026-03-05 15:14:46,540 | INFO | plate_detector | 1
2026-03-05 15:14:46,540 | INFO | plate_detector | ['123']
2026-03-05 15:14:46,540 | INFO | plate_detector | 1
2026-03-05 15:14:46,540 | INFO | plate_detector | ['ABCD']
2026-03-05 15:14:47,721 | INFO | plate_detector | 1
2026-03-05 15:14:47,723 | INFO | plate_detector | ['LBRSIL']
2026-03-05 15:14:47,723 | INFO | plate_detector | 2
2026-03-05 15:14:47,723 | INFO | plate_detector | ['AB123' 'C0']
2026-03-05 15:14:47,723 | INFO | plate_detector | ✅ PATENTE ENCONTRADA: ABIZ3 C0
2026-03-05 15:14:48,475 | INFO | plate_detector | 2
2026-03-05 15:14:48,475 | INFO | plate_detector | ["'REFUBLICA" 'ARGENTIHA']
2026-03-05 15:14:48,475 | INFO | plate_detector | 2
2026-03-05 15:14:48,475 | INFO | plate_detector | ['AB' '123C0']
2026-03-05 15:14:48,475 | INFO | plate_detector | ✅ PATENTE ENCONTRADA: AB 123C0
2026-03-05 15:14:49,332 | INFO | plate_detector | 1
2026-03-05 15:14:49,335 | INFO | plate_detector | ['MERCOSUR']
2026-03-05 15:14:50,297 | INFO | plate_detector | 1
2026-03-05 15:14:50,297 | INFO | plate_detector | ['TODO']
2026-03-05 15:14:51,239 | INFO | plate_detector | 1
2026-03-05 15:14:51,239 | INFO | plate_detector | ['PARA']
2026-03-05 15:14:52,171 | INFO | plate_detector | 1
2026-03-05 15:14:52,171 | INFO | plate_detector | ['ÚNICO']
2026-03-05 15:14:53,443 | INFO | plate_detector | 1
2026-03-05 15:14:53,445 | INFO | plate_detector | ["'UAUGURY"]
2026-03-05 15:14:53,445 | INFO | plate_detector | 2
2026-03-05 15:14:53,445 | INFO | plate_detector | ['ABC' '1234']
2026-03-05 15:14:53,445 | INFO | plate_detector | ✅ PATENTE ENCONTRADA: ABC 1234
2026-03-05 15:14:54,216 | INFO | plate_detector | 3
2026-03-05 15:14:54,216 | INFO | plate_detector | ['REPUBLICA' 'DEL' 'FARAGU;Y']
2026-03-05 15:14:54,216 | INFO | plate_detector | 1
2026-03-05 15:14:54,216 | INFO | plate_detector | ['123']
2026-03-05 15:14:54,216 | INFO | plate_detector | 1
2026-03-05 15:14:54,216 | INFO | plate_detector | ['ABCD']
2026-03-05 15:14:55,439 | INFO | plate_detector | 1
2026-03-05 15:14:55,439 | INFO | plate_detector | ['LBRSIL']
2026-03-05 15:14:55,439 | INFO | plate_detector | 2
2026-03-05 15:14:55,439 | INFO | plate_detector | ['AB123' 'C0']
2026-03-05 15:14:55,439 | INFO | plate_detector | ✅ PATENTE ENCONTRADA: ABIZ3 C0
2026-03-05 15:14:56,469 | INFO | plate_detector | 2
2026-03-05 15:14:56,469 | INFO | plate_detector | ['REPUBLICABOLIYARLANA' 'OEYE']
2026-03-05 15:14:56,469 | INFO | plate_detector | 3
2026-03-05 15:14:56,469 | INFO | plate_detector | ['AB' '123' 'C0']
2026-03-05 15:14:56,469 | INFO | plate_detector | ✅ PATENTE ENCONTRADA: AB 123 CO
2026-03-05 15:14:57,414 | INFO | plate_detector | 2
2026-03-05 15:14:57,414 | INFO | plate_detector | ["'REFUBLICA" 'ARGENTIHA']
2026-03-05 15:14:57,414 | INFO | plate_detector | 2
2026-03-05 15:14:57,414 | INFO | plate_detector | ['AB' '123C0']
2026-03-05 15:14:57,414 | INFO | plate_detector | ✅ PATENTE ENCONTRADA: AB 123C0
2026-03-05 15:14:58,383 | INFO | plate_detector | 1
2026-03-05 15:14:58,383 | INFO | plate_detector | ['MERCOSUR']
2026-03-05 15:14:59,468 | INFO | plate_detector | 1
2026-03-05 15:14:59,468 | INFO | plate_detector | ['TODO']
2026-03-05 15:15:00,428 | INFO | plate_detector | 1
2026-03-05 15:15:00,428 | INFO | plate_detector | ['PARA']
2026-03-05 15:15:01,475 | INFO | plate_detector | 1
2026-03-05 15:15:01,475 | INFO | plate_detector | ['DISEÑO']
2026-03-05 15:15:02,468 | INFO | plate_detector | 1
2026-03-05 15:15:02,470 | INFO | plate_detector | ['ÚNICO']
2026-03-05 15:15:03,759 | INFO | plate_detector | 1
2026-03-05 15:15:03,759 | INFO | plate_detector | ["'UAUGURY"]
2026-03-05 15:15:03,759 | INFO | plate_detector | 2
2026-03-05 15:15:03,759 | INFO | plate_detector | ['ABC' '1234']
2026-03-05 15:15:03,759 | INFO | plate_detector | ✅ PATENTE ENCONTRADA: ABC 1234
2026-03-05 15:15:04,561 | INFO | plate_detector | 3
2026-03-05 15:15:04,561 | INFO | plate_detector | ['REPUBLICA' 'DEL' 'FARAGU;Y']
2026-03-05 15:15:04,561 | INFO | plate_detector | 1
2026-03-05 15:15:04,561 | INFO | plate_detector | ['123']
2026-03-05 15:15:04,563 | INFO | plate_detector | 1
2026-03-05 15:15:04,563 | INFO | plate_detector | ['ABCD']
2026-03-05 15:15:05,780 | INFO | plate_detector | 1
2026-03-05 15:15:05,780 | INFO | plate_detector | ['LBRSIL']
2026-03-05 15:15:05,782 | INFO | plate_detector | 2
2026-03-05 15:15:05,782 | INFO | plate_detector | ['AB123' 'C0']
2026-03-05 15:15:05,783 | INFO | plate_detector | ✅ PATENTE ENCONTRADA: ABIZ3 C0
2026-03-05 15:15:06,637 | INFO | plate_detector | 2
2026-03-05 15:15:06,637 | INFO | plate_detector | ['REPUBLICABOLIYARLANA' 'OEYE']
2026-03-05 15:15:06,637 | INFO | plate_detector | 3
2026-03-05 15:15:06,637 | INFO | plate_detector | ['AB' '123' 'C0']
2026-03-05 15:15:06,637 | INFO | plate_detector | ✅ PATENTE ENCONTRADA: AB 123 CO
2026-03-05 15:15:07,431 | INFO | plate_detector | 2
2026-03-05 15:15:07,431 | INFO | plate_detector | ["'REFUBLICA" 'ARGENTIHA']
2026-03-05 15:15:07,431 | INFO | plate_detector | 2
2026-03-05 15:15:07,431 | INFO | plate_detector | ['AB' '123C0']
2026-03-05 15:15:07,431 | INFO | plate_detector | ✅ PATENTE ENCONTRADA: AB 123C0
2026-03-05 15:15:08,303 | INFO | plate_detector | 1
2026-03-05 15:15:08,303 | INFO | plate_detector | ['MERCOSUR']
2026-03-05 15:15:09,354 | INFO | plate_detector | 1
2026-03-05 15:15:09,354 | INFO | plate_detector | ['TODO']
2026-03-05 15:15:10,366 | INFO | plate_detector | 1
2026-03-05 15:15:10,366 | INFO | plate_detector | ['PARA']
2026-03-05 15:15:11,350 | INFO | plate_detector | 1
2026-03-05 15:15:11,352 | INFO | plate_detector | ['DISEÑO']
2026-03-05 15:15:12,197 | INFO | plate_detector | 1
2026-03-05 15:15:12,199 | INFO | plate_detector | ['ÚNICO']
2026-03-05 15:15:13,487 | INFO | plate_detector | 3
2026-03-05 15:15:13,487 | INFO | plate_detector | ['AB' '123' 'CD']
2026-03-05 15:15:13,488 | INFO | plate_detector | ✅ PATENTE ENCONTRADA: AB 123 CD
2026-03-05 15:15:14,188 | INFO | plate_detector | 1
2026-03-05 15:15:14,188 | INFO | plate_detector | ['(BRASIL']
2026-03-05 15:15:14,188 | INFO | plate_detector | 3
2026-03-05 15:15:14,188 | INFO | plate_detector | ['AB' '123' 'CD']
2026-03-05 15:15:14,188 | INFO | plate_detector | ✅ PATENTE ENCONTRADA: AB 123 CD
2026-03-05 15:15:15,058 | INFO | plate_detector | 3
2026-03-05 15:15:15,058 | INFO | plate_detector | ['AB' '123' 'CD']
2026-03-05 15:15:15,058 | INFO | plate_detector | ✅ PATENTE ENCONTRADA: AB 123 CD
2026-03-05 15:15:16,062 | INFO | plate_detector | 1
2026-03-05 15:15:16,062 | INFO | plate_detector | ['UAUGURY']
2026-03-05 15:15:16,062 | INFO | plate_detector | 2
2026-03-05 15:15:16,062 | INFO | plate_detector | ['ABC' '1234']
2026-03-05 15:15:16,062 | INFO | plate_detector | ✅ PATENTE ENCONTRADA: ABC 1234
2026-03-05 15:15:16,889 | INFO | plate_detector | 3
2026-03-05 15:15:16,889 | INFO | plate_detector | ['REPUBLICA' 'DEL' 'FARAGU;Y']
2026-03-05 15:15:16,889 | INFO | plate_detector | 1
2026-03-05 15:15:16,889 | INFO | plate_detector | ['123']
2026-03-05 15:15:16,889 | INFO | plate_detector | 1
2026-03-05 15:15:16,889 | INFO | plate_detector | ['ABCD']
2026-03-05 15:15:18,158 | INFO | plate_detector | 1
2026-03-05 15:15:18,160 | INFO | plate_detector | ['LBRSIL']
2026-03-05 15:15:18,160 | INFO | plate_detector | 2
2026-03-05 15:15:18,160 | INFO | plate_detector | ['AB123' 'C0']
2026-03-05 15:15:18,160 | INFO | plate_detector | ✅ PATENTE ENCONTRADA: ABIZ3 C0
2026-03-05 15:15:18,947 | INFO | plate_detector | 2
2026-03-05 15:15:18,947 | INFO | plate_detector | ["'REFUBLICA" 'ARGENTIHA']
2026-03-05 15:15:18,947 | INFO | plate_detector | 2
2026-03-05 15:15:18,947 | INFO | plate_detector | ['AB' '123C0']
2026-03-05 15:15:18,947 | INFO | plate_detector | ✅ PATENTE ENCONTRADA: AB 123C0
2026-03-05 15:15:19,894 | INFO | plate_detector | 1
2026-03-05 15:15:19,894 | INFO | plate_detector | ['MERCOSUR']
2026-03-05 15:15:20,907 | INFO | plate_detector | 1
2026-03-05 15:15:20,909 | INFO | plate_detector | ['TODO']
2026-03-05 15:15:21,878 | INFO | plate_detector | 1
2026-03-05 15:15:21,878 | INFO | plate_detector | ['PARA']
2026-03-05 15:15:22,861 | INFO | plate_detector | 1
2026-03-05 15:15:22,863 | INFO | plate_detector | ['ÚNICO']
2026-03-05 15:15:24,156 | INFO | plate_detector | 1
2026-03-05 15:15:24,156 | INFO | plate_detector | ["'UAUGURY"]
2026-03-05 15:15:24,156 | INFO | plate_detector | 2
2026-03-05 15:15:24,156 | INFO | plate_detector | ['ABC' '1234']
2026-03-05 15:15:24,156 | INFO | plate_detector | ✅ PATENTE ENCONTRADA: ABC 1234
2026-03-05 15:15:24,997 | INFO | plate_detector | 3
2026-03-05 15:15:24,997 | INFO | plate_detector | ['REPUBLICA' 'DEL' 'FARAGU;Y']
2026-03-05 15:15:24,997 | INFO | plate_detector | 1
2026-03-05 15:15:24,997 | INFO | plate_detector | ['123']
2026-03-05 15:15:24,997 | INFO | plate_detector | 1
2026-03-05 15:15:24,997 | INFO | plate_detector | ['ABCD']
2026-03-05 15:15:26,424 | INFO | plate_detector | 1
2026-03-05 15:15:26,424 | INFO | plate_detector | ['LBRSIL']
2026-03-05 15:15:26,426 | INFO | plate_detector | 2
2026-03-05 15:15:26,426 | INFO | plate_detector | ['AB123' 'C0']
2026-03-05 15:15:26,426 | INFO | plate_detector | ✅ PATENTE ENCONTRADA: ABIZ3 C0
2026-03-05 15:15:27,313 | INFO | plate_detector | 2
2026-03-05 15:15:27,316 | INFO | plate_detector | ['REPUBLICABOLIYARLANA' 'OEYE']
2026-03-05 15:15:27,316 | INFO | plate_detector | 3
2026-03-05 15:15:27,316 | INFO | plate_detector | ['AB' '123' 'C0']
2026-03-05 15:15:27,316 | INFO | plate_detector | ✅ PATENTE ENCONTRADA: AB 123 CO
2026-03-05 15:15:28,132 | INFO | plate_detector | 2
2026-03-05 15:15:28,133 | INFO | plate_detector | ["'REFUBLICA" 'ARGENTIHA']
2026-03-05 15:15:28,133 | INFO | plate_detector | 2
2026-03-05 15:15:28,135 | INFO | plate_detector | ['AB' '123C0']
2026-03-05 15:15:28,135 | INFO | plate_detector | ✅ PATENTE ENCONTRADA: AB 123C0
2026-03-05 15:15:28,953 | INFO | plate_detector | 1
2026-03-05 15:15:28,953 | INFO | plate_detector | ['MERCOSUR']
2026-03-05 15:15:30,066 | INFO | plate_detector | 1
2026-03-05 15:15:30,066 | INFO | plate_detector | ['TODO']
2026-03-05 15:15:30,990 | INFO | plate_detector | 1
2026-03-05 15:15:30,990 | INFO | plate_detector | ['PARA']
2026-03-05 15:15:31,894 | INFO | plate_detector | 1
2026-03-05 15:15:31,894 | INFO | plate_detector | ['DISEÑO']
2026-03-05 15:15:32,736 | INFO | plate_detector | 1
2026-03-05 15:15:32,738 | INFO | plate_detector | ['ÚNICO']
2026-03-05 15:15:33,882 | INFO | plate_detector | 1
2026-03-05 15:15:33,882 | INFO | plate_detector | ["'UAUGURY"]
2026-03-05 15:15:33,882 | INFO | plate_detector | 2
2026-03-05 15:15:33,882 | INFO | plate_detector | ['ABC' '1234']
2026-03-05 15:15:33,884 | INFO | plate_detector | ✅ PATENTE ENCONTRADA: ABC 1234
2026-03-05 15:15:34,653 | INFO | plate_detector | 3
2026-03-05 15:15:34,655 | INFO | plate_detector | ['REPUBLICA' 'DEL' 'FARAGU;Y']
2026-03-05 15:15:34,655 | INFO | plate_detector | 1
2026-03-05 15:15:34,655 | INFO | plate_detector | ['123']
2026-03-05 15:15:34,655 | INFO | plate_detector | 1
2026-03-05 15:15:34,655 | INFO | plate_detector | ['ABCD']
2026-03-05 15:15:35,880 | INFO | plate_detector | 1
2026-03-05 15:15:35,880 | INFO | plate_detector | ['LBRSIL']
2026-03-05 15:15:35,880 | INFO | plate_detector | 2
2026-03-05 15:15:35,882 | INFO | plate_detector | ['AB123' 'C0']
2026-03-05 15:15:35,882 | INFO | plate_detector | ✅ PATENTE ENCONTRADA: ABIZ3 C0
2026-03-05 15:15:36,766 | INFO | plate_detector | 2
2026-03-05 15:15:36,768 | INFO | plate_detector | ['REPUBLICABOLIYARLANA' 'OEYE']
2026-03-05 15:15:36,768 | INFO | plate_detector | 3
2026-03-05 15:15:36,768 | INFO | plate_detector | ['AB' '123' 'C0']
2026-03-05 15:15:36,768 | INFO | plate_detector | ✅ PATENTE ENCONTRADA: AB 123 CO
2026-03-05 15:15:37,830 | INFO | plate_detector | 2
2026-03-05 15:15:37,830 | INFO | plate_detector | ["'REFUBLICA" 'ARGENTIHA']
2026-03-05 15:15:37,830 | INFO | plate_detector | 2
2026-03-05 15:15:37,832 | INFO | plate_detector | ['AB' '123C0']
2026-03-05 15:15:37,832 | INFO | plate_detector | ✅ PATENTE ENCONTRADA: AB 123C0
2026-03-05 15:15:38,778 | INFO | plate_detector | 1
2026-03-05 15:15:38,778 | INFO | plate_detector | ['MERCOSUR']
2026-03-05 15:15:39,773 | INFO | plate_detector | 1
2026-03-05 15:15:39,773 | INFO | plate_detector | ['TODO']
2026-03-05 15:15:40,724 | INFO | plate_detector | 1
2026-03-05 15:15:40,724 | INFO | plate_detector | ['PARA']
2026-03-05 15:15:41,771 | INFO | plate_detector | 1
2026-03-05 15:15:41,771 | INFO | plate_detector | ['DISEÑO']
2026-03-05 15:15:42,710 | INFO | plate_detector | 1
2026-03-05 15:15:42,710 | INFO | plate_detector | ['ÚNICO']
2026-03-05 15:15:44,036 | INFO | plate_detector | 3
2026-03-05 15:15:44,036 | INFO | plate_detector | ['AB' '123' 'CD']
2026-03-05 15:15:44,036 | INFO | plate_detector | ✅ PATENTE ENCONTRADA: AB 123 CD
2026-03-05 15:15:44,808 | INFO | plate_detector | 1
2026-03-05 15:15:44,808 | INFO | plate_detector | ['(BRASIL']
2026-03-05 15:15:44,808 | INFO | plate_detector | 3
2026-03-05 15:15:44,808 | INFO | plate_detector | ['AB' '123' 'CD']
2026-03-05 15:15:44,808 | INFO | plate_detector | ✅ PATENTE ENCONTRADA: AB 123 CD
2026-03-05 15:15:45,622 | INFO | plate_detector | 3
2026-03-05 15:15:45,622 | INFO | plate_detector | ['AB' '123' 'CD']
2026-03-05 15:15:45,622 | INFO | plate_detector | ✅ PATENTE ENCONTRADA: AB 123 CD
2026-03-05 15:15:45,622 | INFO | plate_detector | ✅ Análisis COMPLETO: 62 objetos, 28 patentes
2026-03-05 15:15:45,622 | INFO | plate_detector | ⏰ ✅ COMPLETADO: Procesamiento de imagen: auto6.png
2026-03-05 15:15:45,622 | INFO | plate_detector | ⏰ TIEMPO TOTAL: 60.88 segundos
2026-03-05 15:15:45,622 | INFO | plate_detector | ⏰ INICIANDO PROCESAMIENTO: Procesamiento de imagen: AXU699.jpg
2026-03-05 15:15:45,624 | INFO | plate_detector | 🔍 ANALIZANDO IMAGEN COMPLETA: C:\Users\tomas\OneDrive\Documentos\vscodepy\LectorFinal\autos\AXU699.jpg
2026-03-05 15:15:45,685 | INFO | plate_detector | ✅ Imagen cargada: 1080x1434
2026-03-05 15:15:45,685 | INFO | plate_detector | 🔍 Escaneando toda la imagen para patentes...
2026-03-05 15:15:45,877 | INFO | plate_detector | ✅ YOLO encontró 4 objetos
2026-03-05 15:15:46,070 | INFO | plate_detector | ✅ Búsqueda por forma encontró 2 candidatos
2026-03-05 15:15:46,076 | INFO | plate_detector | ✅ Búsqueda por color encontró 24 candidatos
2026-03-05 15:15:46,076 | INFO | plate_detector | 🔍 Escaneando 1x1 cuadrícula (1 celdas)...
2026-03-05 15:15:46,274 | INFO | plate_detector | 📍 Celda [0,0]: 2 forma, 24 color
2026-03-05 15:15:46,274 | INFO | plate_detector | ✅ Escaneo en cuadrícula encontró 26 candidatos
2026-03-05 15:15:49,685 | INFO | plate_detector | 1
2026-03-05 15:15:49,685 | INFO | plate_detector | ['4RCIO']
2026-03-05 15:15:49,685 | INFO | plate_detector | ✅ PATENTE ENCONTRADA: 4RCIO
2026-03-05 15:15:50,353 | INFO | plate_detector | 1
2026-03-05 15:15:50,353 | INFO | plate_detector | ['RANQVILO']
2026-03-05 15:15:51,386 | INFO | plate_detector | 1
2026-03-05 15:15:51,388 | INFO | plate_detector | ['QUEDAT']
2026-03-05 15:15:52,399 | INFO | plate_detector | 2
2026-03-05 15:15:52,401 | INFO | plate_detector | ['44U' '69']
2026-03-05 15:15:52,401 | INFO | plate_detector | ✅ PATENTE ENCONTRADA: VVU 69
2026-03-05 15:15:53,108 | INFO | plate_detector | 1
2026-03-05 15:15:53,108 | INFO | plate_detector | ['GUSPAMAR']
2026-03-05 15:15:54,152 | INFO | plate_detector | 1
2026-03-05 15:15:54,152 | INFO | plate_detector | ['YULTAS']
2026-03-05 15:15:55,596 | INFO | plate_detector | 1
2026-03-05 15:15:55,598 | INFO | plate_detector | ['HXREBATA']
2026-03-05 15:15:57,920 | INFO | plate_detector | 1
2026-03-05 15:15:57,920 | INFO | plate_detector | ['MI']
2026-03-05 15:15:58,904 | INFO | plate_detector | 1
2026-03-05 15:15:58,904 | INFO | plate_detector | ['ONTAI']
2026-03-05 15:16:00,195 | INFO | plate_detector | 1
2026-03-05 15:16:00,197 | INFO | plate_detector | ['19']
2026-03-05 15:16:03,178 | INFO | plate_detector | 1
2026-03-05 15:16:03,178 | INFO | plate_detector | ['VAED']
2026-03-05 15:16:03,178 | INFO | plate_detector | 1
2026-03-05 15:16:03,178 | INFO | plate_detector | ['AAS']
2026-03-05 15:16:12,138 | INFO | plate_detector | 1
2026-03-05 15:16:12,138 | INFO | plate_detector | ['CLO']
2026-03-05 15:16:12,138 | INFO | plate_detector | 1
2026-03-05 15:16:12,138 | INFO | plate_detector | ['EATRQ']
2026-03-05 15:16:17,972 | INFO | plate_detector | 1
2026-03-05 15:16:17,974 | INFO | plate_detector | ['4RCIO']
2026-03-05 15:16:17,974 | INFO | plate_detector | ✅ PATENTE ENCONTRADA: 4RCIO
2026-03-05 15:16:18,550 | INFO | plate_detector | 1
2026-03-05 15:16:18,550 | INFO | plate_detector | ['RANQVILO']
2026-03-05 15:16:19,522 | INFO | plate_detector | 1
2026-03-05 15:16:19,522 | INFO | plate_detector | ['QUEDAT']
2026-03-05 15:16:20,436 | INFO | plate_detector | 2
2026-03-05 15:16:20,438 | INFO | plate_detector | ['44U' '69']
2026-03-05 15:16:20,438 | INFO | plate_detector | ✅ PATENTE ENCONTRADA: VVU 69
2026-03-05 15:16:21,077 | INFO | plate_detector | 1
2026-03-05 15:16:21,077 | INFO | plate_detector | ['GUSPAMAR']
2026-03-05 15:16:21,983 | INFO | plate_detector | 1
2026-03-05 15:16:21,983 | INFO | plate_detector | ['YULTAS']
2026-03-05 15:16:23,122 | INFO | plate_detector | 1
2026-03-05 15:16:23,122 | INFO | plate_detector | ['HXREBATA']
2026-03-05 15:16:25,248 | INFO | plate_detector | 1
2026-03-05 15:16:25,248 | INFO | plate_detector | ['MI']
2026-03-05 15:16:26,292 | INFO | plate_detector | 1
2026-03-05 15:16:26,292 | INFO | plate_detector | ['ONTAI']
2026-03-05 15:16:27,519 | INFO | plate_detector | 1
2026-03-05 15:16:27,519 | INFO | plate_detector | ['19']
2026-03-05 15:16:30,303 | INFO | plate_detector | 1
2026-03-05 15:16:30,305 | INFO | plate_detector | ['VAED']
2026-03-05 15:16:30,305 | INFO | plate_detector | 1
2026-03-05 15:16:30,305 | INFO | plate_detector | ['AAS']
2026-03-05 15:16:38,721 | INFO | plate_detector | 1
2026-03-05 15:16:38,721 | INFO | plate_detector | ['CLO']
2026-03-05 15:16:38,721 | INFO | plate_detector | 1
2026-03-05 15:16:38,721 | INFO | plate_detector | ['EATRQ']
2026-03-05 15:16:41,998 | INFO | plate_detector | ✅ Análisis COMPLETO: 56 objetos, 4 patentes
2026-03-05 15:16:41,998 | INFO | plate_detector | ⏰ ✅ COMPLETADO: Procesamiento de imagen: AXU699.jpg
2026-03-05 15:16:41,998 | INFO | plate_detector | ⏰ TIEMPO TOTAL: 56.38 segundos
2026-03-05 15:16:41,998 | INFO | plate_detector | ⏰ INICIANDO PROCESAMIENTO: Procesamiento de imagen: BBB888.jpg
2026-03-05 15:16:41,998 | INFO | plate_detector | 🔍 ANALIZANDO IMAGEN COMPLETA: C:\Users\tomas\OneDrive\Documentos\vscodepy\LectorFinal\autos\BBB888.jpg
2026-03-05 15:16:42,013 | INFO | plate_detector | ⏰ ✅ COMPLETADO: Procesamiento de imagen: BBB888.jpg
2026-03-05 15:16:42,013 | INFO | plate_detector | ⏰ TIEMPO TOTAL: 0.01 segundos
2026-03-05 15:16:42,013 | INFO | plate_detector | ⏰ INICIANDO PROCESAMIENTO: Procesamiento de imagen: EOZ428.jpg
2026-03-05 15:16:42,013 | INFO | plate_detector | 🔍 ANALIZANDO IMAGEN COMPLETA: C:\Users\tomas\OneDrive\Documentos\vscodepy\LectorFinal\autos\EOZ428.jpg
2026-03-05 15:16:42,019 | INFO | plate_detector | ✅ Imagen cargada: 480x454
2026-03-05 15:16:42,019 | INFO | plate_detector | 🔍 Escaneando toda la imagen para patentes...
2026-03-05 15:16:42,236 | INFO | plate_detector | ✅ YOLO encontró 2 objetos
2026-03-05 15:16:42,256 | INFO | plate_detector | ✅ Búsqueda por forma encontró 0 candidatos
2026-03-05 15:16:42,258 | INFO | plate_detector | ✅ Búsqueda por color encontró 0 candidatos
2026-03-05 15:16:42,258 | INFO | plate_detector | 🔍 Escaneando 1x1 cuadrícula (1 celdas)...
2026-03-05 15:16:42,280 | INFO | plate_detector | ✅ Escaneo en cuadrícula encontró 0 candidatos
2026-03-05 15:16:42,280 | INFO | plate_detector | ✅ Análisis COMPLETO: 2 objetos, 0 patentes
2026-03-05 15:16:42,280 | INFO | plate_detector | ⏰ ✅ COMPLETADO: Procesamiento de imagen: EOZ428.jpg
2026-03-05 15:16:42,280 | INFO | plate_detector | ⏰ TIEMPO TOTAL: 0.27 segundos
2026-03-05 15:16:42,280 | INFO | plate_detector | ⏰ INICIANDO PROCESAMIENTO: Procesamiento de imagen: FEO219.png
2026-03-05 15:16:42,280 | INFO | plate_detector | 🔍 ANALIZANDO IMAGEN COMPLETA: C:\Users\tomas\OneDrive\Documentos\vscodepy\LectorFinal\autos\FEO219.png
2026-03-05 15:16:42,308 | INFO | plate_detector | ✅ Imagen cargada: 640x640
2026-03-05 15:16:42,308 | INFO | plate_detector | 🔍 Escaneando toda la imagen para patentes...
2026-03-05 15:16:42,530 | INFO | plate_detector | ✅ YOLO encontró 4 objetos
2026-03-05 15:16:42,583 | INFO | plate_detector | ✅ Búsqueda por forma encontró 0 candidatos
2026-03-05 15:16:42,585 | INFO | plate_detector | ✅ Búsqueda por color encontró 2 candidatos
2026-03-05 15:16:42,585 | INFO | plate_detector | 🔍 Escaneando 1x1 cuadrícula (1 celdas)...
2026-03-05 15:16:42,645 | INFO | plate_detector | 📍 Celda [0,0]: 0 forma, 2 color
2026-03-05 15:16:42,645 | INFO | plate_detector | ✅ Escaneo en cuadrícula encontró 2 candidatos
2026-03-05 15:16:43,298 | INFO | plate_detector | 1
2026-03-05 15:16:43,298 | INFO | plate_detector | ['CCESA']
2026-03-05 15:16:45,539 | INFO | plate_detector | 1
2026-03-05 15:16:45,539 | INFO | plate_detector | ['CCESA']
2026-03-05 15:16:47,249 | INFO | plate_detector | ✅ Análisis COMPLETO: 8 objetos, 0 patentes
2026-03-05 15:16:47,249 | INFO | plate_detector | ⏰ ✅ COMPLETADO: Procesamiento de imagen: FEO219.png
2026-03-05 15:16:47,249 | INFO | plate_detector | ⏰ TIEMPO TOTAL: 4.97 segundos
2026-03-05 15:16:47,249 | INFO | plate_detector | ⏰ INICIANDO PROCESAMIENTO: Procesamiento de imagen: FIN678.png
2026-03-05 15:16:47,249 | INFO | plate_detector | 🔍 ANALIZANDO IMAGEN COMPLETA: C:\Users\tomas\OneDrive\Documentos\vscodepy\LectorFinal\autos\FIN678.png
2026-03-05 15:16:47,249 | INFO | plate_detector | ⏰ ✅ COMPLETADO: Procesamiento de imagen: FIN678.png
2026-03-05 15:16:47,249 | INFO | plate_detector | ⏰ TIEMPO TOTAL: 0.00 segundos
2026-03-05 15:16:47,249 | INFO | plate_detector | ⏰ INICIANDO PROCESAMIENTO: Procesamiento de imagen: GAS508.jpg
2026-03-05 15:16:47,249 | INFO | plate_detector | 🔍 ANALIZANDO IMAGEN COMPLETA: C:\Users\tomas\OneDrive\Documentos\vscodepy\LectorFinal\autos\GAS508.jpg
2026-03-05 15:16:47,262 | INFO | plate_detector | ✅ Imagen cargada: 640x640
2026-03-05 15:16:47,262 | INFO | plate_detector | 🔍 Escaneando toda la imagen para patentes...
2026-03-05 15:16:47,420 | INFO | plate_detector | ✅ YOLO encontró 1 objetos
2026-03-05 15:16:47,464 | INFO | plate_detector | ✅ Búsqueda por forma encontró 2 candidatos
2026-03-05 15:16:47,464 | INFO | plate_detector | ✅ Búsqueda por color encontró 3 candidatos
2026-03-05 15:16:47,472 | INFO | plate_detector | 🔍 Escaneando 1x1 cuadrícula (1 celdas)...
2026-03-05 15:16:47,524 | INFO | plate_detector | 📍 Celda [0,0]: 2 forma, 3 color
2026-03-05 15:16:47,524 | INFO | plate_detector | ✅ Escaneo en cuadrícula encontró 5 candidatos
2026-03-05 15:16:48,028 | INFO | plate_detector | 1
2026-03-05 15:16:48,028 | INFO | plate_detector | ['E']
2026-03-05 15:16:49,457 | INFO | plate_detector | 1
2026-03-05 15:16:49,457 | INFO | plate_detector | ['AIGENTINA']
2026-03-05 15:16:49,457 | INFO | plate_detector | 2
2026-03-05 15:16:49,457 | INFO | plate_detector | ['6A5' '508']
2026-03-05 15:16:49,459 | INFO | plate_detector | ✅ PATENTE ENCONTRADA: GAS 508
2026-03-05 15:16:53,397 | INFO | plate_detector | 1
2026-03-05 15:16:53,397 | INFO | plate_detector | ['E']
2026-03-05 15:16:54,761 | INFO | plate_detector | 1
2026-03-05 15:16:54,761 | INFO | plate_detector | ['AIGENTINA']
2026-03-05 15:16:54,761 | INFO | plate_detector | 2
2026-03-05 15:16:54,761 | INFO | plate_detector | ['6A5' '508']
2026-03-05 15:16:54,761 | INFO | plate_detector | ✅ PATENTE ENCONTRADA: GAS 508
2026-03-05 15:16:58,329 | INFO | plate_detector | ✅ Análisis COMPLETO: 11 objetos, 2 patentes
2026-03-05 15:16:58,329 | INFO | plate_detector | ⏰ ✅ COMPLETADO: Procesamiento de imagen: GAS508.jpg
2026-03-05 15:16:58,329 | INFO | plate_detector | ⏰ TIEMPO TOTAL: 11.08 segundos
2026-03-05 15:16:58,329 | INFO | plate_detector | ⏰ INICIANDO PROCESAMIENTO: Procesamiento de imagen: GAY044.jpg
2026-03-05 15:16:58,329 | INFO | plate_detector | 🔍 ANALIZANDO IMAGEN COMPLETA: C:\Users\tomas\OneDrive\Documentos\vscodepy\LectorFinal\autos\GAY044.jpg
2026-03-05 15:16:58,329 | INFO | plate_detector | ⏰ ✅ COMPLETADO: Procesamiento de imagen: GAY044.jpg
2026-03-05 15:16:58,329 | INFO | plate_detector | ⏰ TIEMPO TOTAL: 0.00 segundos
2026-03-05 15:16:58,329 | INFO | plate_detector | ⏰ INICIANDO PROCESAMIENTO: Procesamiento de imagen: JJV337.jpg
2026-03-05 15:16:58,329 | INFO | plate_detector | 🔍 ANALIZANDO IMAGEN COMPLETA: C:\Users\tomas\OneDrive\Documentos\vscodepy\LectorFinal\autos\JJV337.jpg
2026-03-05 15:16:58,329 | INFO | plate_detector | ✅ Imagen cargada: 260x194
2026-03-05 15:16:58,329 | INFO | plate_detector | 🔍 Escaneando toda la imagen para patentes...
2026-03-05 15:16:58,493 | INFO | plate_detector | ✅ YOLO encontró 0 objetos
2026-03-05 15:16:58,499 | INFO | plate_detector | ✅ Búsqueda por forma encontró 4 candidatos
2026-03-05 15:16:58,501 | INFO | plate_detector | ✅ Búsqueda por color encontró 2 candidatos
2026-03-05 15:16:58,501 | INFO | plate_detector | 🔍 Escaneando 1x1 cuadrícula (1 celdas)...
2026-03-05 15:16:58,507 | INFO | plate_detector | 📍 Celda [0,0]: 4 forma, 2 color
2026-03-05 15:16:58,509 | INFO | plate_detector | ✅ Escaneo en cuadrícula encontró 6 candidatos
2026-03-05 15:17:06,939 | INFO | plate_detector | ✅ Análisis COMPLETO: 12 objetos, 0 patentes
2026-03-05 15:17:06,939 | INFO | plate_detector | ⏰ ✅ COMPLETADO: Procesamiento de imagen: JJV337.jpg
2026-03-05 15:17:06,939 | INFO | plate_detector | ⏰ TIEMPO TOTAL: 8.61 segundos
2026-03-05 15:17:06,939 | INFO | plate_detector | ⏰ INICIANDO PROCESAMIENTO: Procesamiento de imagen: ORT000.jpg
2026-03-05 15:17:06,939 | INFO | plate_detector | 🔍 ANALIZANDO IMAGEN COMPLETA: C:\Users\tomas\OneDrive\Documentos\vscodepy\LectorFinal\autos\ORT000.jpg
2026-03-05 15:17:06,957 | INFO | plate_detector | ✅ Imagen cargada: 640x360
2026-03-05 15:17:06,957 | INFO | plate_detector | 🔍 Escaneando toda la imagen para patentes...
2026-03-05 15:17:07,098 | INFO | plate_detector | ✅ YOLO encontró 3 objetos
2026-03-05 15:17:07,124 | INFO | plate_detector | ✅ Búsqueda por forma encontró 2 candidatos
2026-03-05 15:17:07,126 | INFO | plate_detector | ✅ Búsqueda por color encontró 2 candidatos
2026-03-05 15:17:07,126 | INFO | plate_detector | 🔍 Escaneando 1x1 cuadrícula (1 celdas)...
2026-03-05 15:17:07,153 | INFO | plate_detector | 📍 Celda [0,0]: 2 forma, 2 color
2026-03-05 15:17:07,153 | INFO | plate_detector | ✅ Escaneo en cuadrícula encontró 4 candidatos
2026-03-05 15:17:10,060 | INFO | plate_detector | 1
2026-03-05 15:17:10,060 | INFO | plate_detector | ['ORTOOO']
2026-03-05 15:17:13,835 | INFO | plate_detector | 1
2026-03-05 15:17:13,840 | INFO | plate_detector | ['ORTOOO']
2026-03-05 15:17:15,110 | INFO | plate_detector | ✅ Análisis COMPLETO: 11 objetos, 0 patentes
2026-03-05 15:17:15,110 | INFO | plate_detector | ⏰ ✅ COMPLETADO: Procesamiento de imagen: ORT000.jpg
2026-03-05 15:17:15,110 | INFO | plate_detector | ⏰ TIEMPO TOTAL: 8.17 segundos
2026-03-05 15:31:26,307 | INFO | plate_detector | YOLO cargado: yolov10n.pt
2026-03-05 15:40:31,136 | WARNING | easyocr.easyocr | Using CPU. Note: This module is much faster with a GPU.
2026-03-05 15:52:51,143 | INFO | plate_detector | process_plate_image START | image=C:\Users\tomas\OneDrive\Documentos\vscodepy\LectorFinal\autos\AA000AA.png
2026-03-05 15:52:51,143 | INFO | plate_detector | analyze_image START | image=C:\Users\tomas\OneDrive\Documentos\vscodepy\LectorFinal\autos\AA000AA.png
2026-03-05 15:52:57,801 | INFO | plate_detector | process_image | candidates=9
2026-03-05 15:53:03,576 | WARNING | easyocr.easyocr | Using CPU. Note: This module is much faster with a GPU.
2026-03-05 15:53:28,614 | INFO | plate_detector | process_image SUMMARY | plates=1 | discarded_no_letters=6 | discarded_invalid=2
2026-03-05 15:53:28,626 | INFO | plate_detector | analyze_image DONE | image=C:\Users\tomas\OneDrive\Documentos\vscodepy\LectorFinal\autos\AA000AA.png | plates=1 | candidates=9 | elapsed=37.48s
2026-03-05 15:56:50,026 | INFO | plate_detector | process_plate_image START | image=C:\Users\tomas\OneDrive\Documentos\vscodepy\LectorFinal\autos\AA000AA.png
2026-03-05 15:56:50,026 | INFO | plate_detector | analyze_image START | image=C:\Users\tomas\OneDrive\Documentos\vscodepy\LectorFinal\autos\AA000AA.png
2026-03-05 15:56:55,525 | INFO | plate_detector | process_image | candidates=9
2026-03-05 15:57:00,154 | WARNING | easyocr.easyocr | Using CPU. Note: This module is much faster with a GPU.
2026-03-05 15:57:23,275 | INFO | plate_detector | process_image SUMMARY | plates=1 | discarded_no_letters=6 | discarded_invalid=2
2026-03-05 15:57:23,279 | INFO | plate_detector | analyze_image DONE | image=C:\Users\tomas\OneDrive\Documentos\vscodepy\LectorFinal\autos\AA000AA.png | plates=1 | candidates=9 | elapsed=33.25s
2026-03-05 15:57:23,292 | INFO | plate_detector | process_plate_image DONE | image=C:\Users\tomas\OneDrive\Documentos\vscodepy\LectorFinal\autos\AA000AA.png | plate=144CAE | conf=0.3854 | elapsed=33.27s
2026-03-05 15:57:23,294 | INFO | plate_detector | process_plate_image START | image=C:\Users\tomas\OneDrive\Documentos\vscodepy\LectorFinal\autos\AA021ID.jpg
2026-03-05 15:57:23,296 | INFO | plate_detector | analyze_image START | image=C:\Users\tomas\OneDrive\Documentos\vscodepy\LectorFinal\autos\AA021ID.jpg
2026-03-05 15:57:23,984 | INFO | plate_detector | process_image | candidates=19
2026-03-05 15:58:05,037 | INFO | plate_detector | process_image SUMMARY | plates=0 | discarded_no_letters=13 | discarded_invalid=6
2026-03-05 15:58:05,037 | INFO | plate_detector | analyze_image DONE | image=C:\Users\tomas\OneDrive\Documentos\vscodepy\LectorFinal\autos\AA021ID.jpg | plates=0 | candidates=19 | elapsed=41.74s
2026-03-05 15:58:05,037 | INFO | plate_detector | process_plate_image DONE | image=C:\Users\tomas\OneDrive\Documentos\vscodepy\LectorFinal\autos\AA021ID.jpg | plate= | conf=0.0 | elapsed=41.74s
2026-03-05 15:58:05,037 | INFO | plate_detector | process_plate_image START | image=C:\Users\tomas\OneDrive\Documentos\vscodepy\LectorFinal\autos\AB123CD.jpg
2026-03-05 15:58:05,045 | INFO | plate_detector | analyze_image START | image=C:\Users\tomas\OneDrive\Documentos\vscodepy\LectorFinal\autos\AB123CD.jpg
2026-03-05 15:58:05,606 | INFO | plate_detector | process_image | candidates=13
2026-03-05 15:58:17,575 | INFO | plate_detector | process_image SUMMARY | plates=1 | discarded_no_letters=9 | discarded_invalid=3
2026-03-05 15:58:17,575 | INFO | plate_detector | analyze_image DONE | image=C:\Users\tomas\OneDrive\Documentos\vscodepy\LectorFinal\autos\AB123CD.jpg | plates=1 | candidates=13 | elapsed=12.53s
2026-03-05 15:58:17,575 | INFO | plate_detector | process_plate_image DONE | image=C:\Users\tomas\OneDrive\Documentos\vscodepy\LectorFinal\autos\AB123CD.jpg | plate=A0A23 | conf=0.4508 | elapsed=12.54s
2026-03-05 15:58:17,575 | INFO | plate_detector | process_plate_image START | image=C:\Users\tomas\OneDrive\Documentos\vscodepy\LectorFinal\autos\AB803SX.jpg
2026-03-05 15:58:17,576 | INFO | plate_detector | analyze_image START | image=C:\Users\tomas\OneDrive\Documentos\vscodepy\LectorFinal\autos\AB803SX.jpg
2026-03-05 15:58:17,831 | INFO | plate_detector | process_image | candidates=3
2026-03-05 15:58:19,097 | INFO | plate_detector | process_image SUMMARY | plates=0 | discarded_no_letters=2 | discarded_invalid=1
2026-03-05 15:58:19,097 | INFO | plate_detector | analyze_image DONE | image=C:\Users\tomas\OneDrive\Documentos\vscodepy\LectorFinal\autos\AB803SX.jpg | plates=0 | candidates=3 | elapsed=1.52s
2026-03-05 15:58:19,097 | INFO | plate_detector | process_plate_image DONE | image=C:\Users\tomas\OneDrive\Documentos\vscodepy\LectorFinal\autos\AB803SX.jpg | plate= | conf=0.0 | elapsed=1.52s
2026-03-05 15:58:19,097 | INFO | plate_detector | process_plate_image START | image=C:\Users\tomas\OneDrive\Documentos\vscodepy\LectorFinal\autos\AC778KP.jpg
2026-03-05 15:58:19,097 | INFO | plate_detector | analyze_image START | image=C:\Users\tomas\OneDrive\Documentos\vscodepy\LectorFinal\autos\AC778KP.jpg
2026-03-05 15:58:19,469 | INFO | plate_detector | process_image | candidates=6
2026-03-05 15:58:24,733 | INFO | plate_detector | process_image SUMMARY | plates=0 | discarded_no_letters=4 | discarded_invalid=2
2026-03-05 15:58:24,733 | INFO | plate_detector | analyze_image DONE | image=C:\Users\tomas\OneDrive\Documentos\vscodepy\LectorFinal\autos\AC778KP.jpg | plates=0 | candidates=6 | elapsed=5.64s
2026-03-05 15:58:24,733 | INFO | plate_detector | process_plate_image DONE | image=C:\Users\tomas\OneDrive\Documentos\vscodepy\LectorFinal\autos\AC778KP.jpg | plate= | conf=0.0 | elapsed=5.64s
2026-03-05 15:58:24,733 | INFO | plate_detector | process_plate_image START | image=C:\Users\tomas\OneDrive\Documentos\vscodepy\LectorFinal\autos\AD750EX.jpg
2026-03-05 15:58:24,733 | INFO | plate_detector | analyze_image START | image=C:\Users\tomas\OneDrive\Documentos\vscodepy\LectorFinal\autos\AD750EX.jpg
2026-03-05 15:58:25,054 | INFO | plate_detector | process_image | candidates=7
2026-03-05 15:58:38,102 | INFO | plate_detector | process_image SUMMARY | plates=3 | discarded_no_letters=3 | discarded_invalid=1
2026-03-05 15:58:38,102 | INFO | plate_detector | analyze_image DONE | image=C:\Users\tomas\OneDrive\Documentos\vscodepy\LectorFinal\autos\AD750EX.jpg | plates=3 | candidates=7 | elapsed=13.37s
2026-03-05 15:58:38,102 | INFO | plate_detector | process_plate_image DONE | image=C:\Users\tomas\OneDrive\Documentos\vscodepy\LectorFinal\autos\AD750EX.jpg | plate=A750EX | conf=0.7388 | elapsed=13.37s
2026-03-05 15:58:38,104 | INFO | plate_detector | process_plate_image START | image=C:\Users\tomas\OneDrive\Documentos\vscodepy\LectorFinal\autos\AE486WE.jpg
2026-03-05 15:58:38,104 | INFO | plate_detector | analyze_image START | image=C:\Users\tomas\OneDrive\Documentos\vscodepy\LectorFinal\autos\AE486WE.jpg
2026-03-05 15:58:39,739 | INFO | plate_detector | process_image | candidates=1
2026-03-05 15:58:40,338 | INFO | plate_detector | process_image SUMMARY | plates=0 | discarded_no_letters=1 | discarded_invalid=0
2026-03-05 15:58:40,338 | INFO | plate_detector | analyze_image DONE | image=C:\Users\tomas\OneDrive\Documentos\vscodepy\LectorFinal\autos\AE486WE.jpg | plates=0 | candidates=1 | elapsed=2.23s
2026-03-05 15:58:40,338 | INFO | plate_detector | process_plate_image DONE | image=C:\Users\tomas\OneDrive\Documentos\vscodepy\LectorFinal\autos\AE486WE.jpg | plate= | conf=0.0 | elapsed=2.23s
2026-03-05 15:58:40,338 | INFO | plate_detector | process_plate_image START | image=C:\Users\tomas\OneDrive\Documentos\vscodepy\LectorFinal\autos\AF354NU.jpg
2026-03-05 15:58:40,343 | INFO | plate_detector | analyze_image START | image=C:\Users\tomas\OneDrive\Documentos\vscodepy\LectorFinal\autos\AF354NU.jpg
2026-03-05 15:58:40,709 | INFO | plate_detector | process_image | candidates=1
2026-03-05 15:58:41,427 | INFO | plate_detector | process_image SUMMARY | plates=0 | discarded_no_letters=0 | discarded_invalid=1
2026-03-05 15:58:41,427 | INFO | plate_detector | analyze_image DONE | image=C:\Users\tomas\OneDrive\Documentos\vscodepy\LectorFinal\autos\AF354NU.jpg | plates=0 | candidates=1 | elapsed=1.08s
2026-03-05 15:58:41,427 | INFO | plate_detector | process_plate_image DONE | image=C:\Users\tomas\OneDrive\Documentos\vscodepy\LectorFinal\autos\AF354NU.jpg | plate= | conf=0.0 | elapsed=1.09s
2026-03-05 15:58:41,427 | INFO | plate_detector | process_plate_image START | image=C:\Users\tomas\OneDrive\Documentos\vscodepy\LectorFinal\autos\auto6.png
2026-03-05 15:58:41,427 | INFO | plate_detector | analyze_image START | image=C:\Users\tomas\OneDrive\Documentos\vscodepy\LectorFinal\autos\auto6.png
2026-03-05 15:58:41,782 | INFO | plate_detector | process_image | candidates=10
2026-03-05 15:58:49,749 | INFO | plate_detector | process_image SUMMARY | plates=2 | discarded_no_letters=1 | discarded_invalid=7
2026-03-05 15:58:49,749 | INFO | plate_detector | analyze_image DONE | image=C:\Users\tomas\OneDrive\Documentos\vscodepy\LectorFinal\autos\auto6.png | plates=2 | candidates=10 | elapsed=8.32s
2026-03-05 15:58:49,749 | INFO | plate_detector | process_plate_image DONE | image=C:\Users\tomas\OneDrive\Documentos\vscodepy\LectorFinal\autos\auto6.png | plate=015EN0 | conf=0.7169 | elapsed=8.32s
2026-03-05 15:58:49,764 | INFO | plate_detector | process_plate_image START | image=C:\Users\tomas\OneDrive\Documentos\vscodepy\LectorFinal\autos\AXU699.jpg
2026-03-05 15:58:49,764 | INFO | plate_detector | analyze_image START | image=C:\Users\tomas\OneDrive\Documentos\vscodepy\LectorFinal\autos\AXU699.jpg
2026-03-05 15:58:50,299 | INFO | plate_detector | process_image | candidates=23
2026-03-05 15:59:20,183 | INFO | plate_detector | process_image SUMMARY | plates=5 | discarded_no_letters=13 | discarded_invalid=5
2026-03-05 15:59:20,183 | INFO | plate_detector | analyze_image DONE | image=C:\Users\tomas\OneDrive\Documentos\vscodepy\LectorFinal\autos\AXU699.jpg | plates=5 | candidates=23 | elapsed=30.42s
2026-03-05 15:59:20,183 | INFO | plate_detector | process_plate_image DONE | image=C:\Users\tomas\OneDrive\Documentos\vscodepy\LectorFinal\autos\AXU699.jpg | plate=AXU699 | conf=0.7127 | elapsed=30.42s
2026-03-05 15:59:20,183 | INFO | plate_detector | process_plate_image START | image=C:\Users\tomas\OneDrive\Documentos\vscodepy\LectorFinal\autos\BBB888.jpg
2026-03-05 15:59:20,183 | INFO | plate_detector | analyze_image START | image=C:\Users\tomas\OneDrive\Documentos\vscodepy\LectorFinal\autos\BBB888.jpg
2026-03-05 15:59:20,189 | ERROR | plate_detector | No se pudo cargar la imagen | image=C:\Users\tomas\OneDrive\Documentos\vscodepy\LectorFinal\autos\BBB888.jpg
2026-03-05 15:59:20,189 | INFO | plate_detector | process_plate_image DONE | image=C:\Users\tomas\OneDrive\Documentos\vscodepy\LectorFinal\autos\BBB888.jpg | plate= | conf=0.0 | elapsed=0.01s
2026-03-05 15:59:20,189 | INFO | plate_detector | process_plate_image START | image=C:\Users\tomas\OneDrive\Documentos\vscodepy\LectorFinal\autos\EOZ428.jpg
2026-03-05 15:59:20,189 | INFO | plate_detector | analyze_image START | image=C:\Users\tomas\OneDrive\Documentos\vscodepy\LectorFinal\autos\EOZ428.jpg
2026-03-05 15:59:20,689 | INFO | plate_detector | process_image | candidates=4
2026-03-05 15:59:25,529 | INFO | plate_detector | process_image SUMMARY | plates=4 | discarded_no_letters=0 | discarded_invalid=0
2026-03-05 15:59:25,529 | INFO | plate_detector | analyze_image DONE | image=C:\Users\tomas\OneDrive\Documentos\vscodepy\LectorFinal\autos\EOZ428.jpg | plates=4 | candidates=4 | elapsed=5.34s
2026-03-05 15:59:25,529 | INFO | plate_detector | process_plate_image DONE | image=C:\Users\tomas\OneDrive\Documentos\vscodepy\LectorFinal\autos\EOZ428.jpg | plate=E02428 | conf=0.7868 | elapsed=5.34s
2026-03-05 15:59:25,529 | INFO | plate_detector | process_plate_image START | image=C:\Users\tomas\OneDrive\Documentos\vscodepy\LectorFinal\autos\FEO219.png
2026-03-05 15:59:25,529 | INFO | plate_detector | analyze_image START | image=C:\Users\tomas\OneDrive\Documentos\vscodepy\LectorFinal\autos\FEO219.png
2026-03-05 15:59:25,971 | INFO | plate_detector | process_image | candidates=5
2026-03-05 15:59:30,068 | INFO | plate_detector | process_image SUMMARY | plates=0 | discarded_no_letters=3 | discarded_invalid=2
2026-03-05 15:59:30,068 | INFO | plate_detector | analyze_image DONE | image=C:\Users\tomas\OneDrive\Documentos\vscodepy\LectorFinal\autos\FEO219.png | plates=0 | candidates=5 | elapsed=4.54s
2026-03-05 15:59:30,070 | INFO | plate_detector | process_plate_image DONE | image=C:\Users\tomas\OneDrive\Documentos\vscodepy\LectorFinal\autos\FEO219.png | plate= | conf=0.0 | elapsed=4.54s
2026-03-05 15:59:30,070 | INFO | plate_detector | process_plate_image START | image=C:\Users\tomas\OneDrive\Documentos\vscodepy\LectorFinal\autos\FIN678.png
2026-03-05 15:59:30,070 | INFO | plate_detector | analyze_image START | image=C:\Users\tomas\OneDrive\Documentos\vscodepy\LectorFinal\autos\FIN678.png
2026-03-05 15:59:30,078 | ERROR | plate_detector | No se pudo cargar la imagen | image=C:\Users\tomas\OneDrive\Documentos\vscodepy\LectorFinal\autos\FIN678.png
2026-03-05 15:59:30,078 | INFO | plate_detector | process_plate_image DONE | image=C:\Users\tomas\OneDrive\Documentos\vscodepy\LectorFinal\autos\FIN678.png | plate= | conf=0.0 | elapsed=0.01s
2026-03-05 15:59:30,078 | INFO | plate_detector | process_plate_image START | image=C:\Users\tomas\OneDrive\Documentos\vscodepy\LectorFinal\autos\GAS508.jpg
2026-03-05 15:59:30,078 | INFO | plate_detector | analyze_image START | image=C:\Users\tomas\OneDrive\Documentos\vscodepy\LectorFinal\autos\GAS508.jpg
2026-03-05 15:59:30,486 | INFO | plate_detector | process_image | candidates=3
2026-03-05 15:59:36,460 | INFO | plate_detector | process_image SUMMARY | plates=0 | discarded_no_letters=1 | discarded_invalid=2
2026-03-05 15:59:36,460 | INFO | plate_detector | analyze_image DONE | image=C:\Users\tomas\OneDrive\Documentos\vscodepy\LectorFinal\autos\GAS508.jpg | plates=0 | candidates=3 | elapsed=6.38s
2026-03-05 15:59:36,460 | INFO | plate_detector | process_plate_image DONE | image=C:\Users\tomas\OneDrive\Documentos\vscodepy\LectorFinal\autos\GAS508.jpg | plate= | conf=0.0 | elapsed=6.38s
2026-03-05 15:59:36,460 | INFO | plate_detector | process_plate_image START | image=C:\Users\tomas\OneDrive\Documentos\vscodepy\LectorFinal\autos\GAY044.jpg
2026-03-05 15:59:36,460 | INFO | plate_detector | analyze_image START | image=C:\Users\tomas\OneDrive\Documentos\vscodepy\LectorFinal\autos\GAY044.jpg
2026-03-05 15:59:36,472 | ERROR | plate_detector | No se pudo cargar la imagen | image=C:\Users\tomas\OneDrive\Documentos\vscodepy\LectorFinal\autos\GAY044.jpg
2026-03-05 15:59:36,472 | INFO | plate_detector | process_plate_image DONE | image=C:\Users\tomas\OneDrive\Documentos\vscodepy\LectorFinal\autos\GAY044.jpg | plate= | conf=0.0 | elapsed=0.01s
2026-03-05 15:59:36,472 | INFO | plate_detector | process_plate_image START | image=C:\Users\tomas\OneDrive\Documentos\vscodepy\LectorFinal\autos\JJV337.jpg
2026-03-05 15:59:36,472 | INFO | plate_detector | analyze_image START | image=C:\Users\tomas\OneDrive\Documentos\vscodepy\LectorFinal\autos\JJV337.jpg
2026-03-05 15:59:36,774 | INFO | plate_detector | process_image | candidates=3
2026-03-05 15:59:37,767 | INFO | plate_detector | process_image SUMMARY | plates=0 | discarded_no_letters=2 | discarded_invalid=1
2026-03-05 15:59:37,767 | INFO | plate_detector | analyze_image DONE | image=C:\Users\tomas\OneDrive\Documentos\vscodepy\LectorFinal\autos\JJV337.jpg | plates=0 | candidates=3 | elapsed=1.29s
2026-03-05 15:59:37,767 | INFO | plate_detector | process_plate_image DONE | image=C:\Users\tomas\OneDrive\Documentos\vscodepy\LectorFinal\autos\JJV337.jpg | plate= | conf=0.0 | elapsed=1.29s
2026-03-05 15:59:37,767 | INFO | plate_detector | process_plate_image START | image=C:\Users\tomas\OneDrive\Documentos\vscodepy\LectorFinal\autos\ORT000.jpg
2026-03-05 15:59:37,767 | INFO | plate_detector | analyze_image START | image=C:\Users\tomas\OneDrive\Documentos\vscodepy\LectorFinal\autos\ORT000.jpg
2026-03-05 15:59:38,086 | INFO | plate_detector | process_image | candidates=5
2026-03-05 15:59:41,307 | INFO | plate_detector | process_image SUMMARY | plates=0 | discarded_no_letters=4 | discarded_invalid=1
2026-03-05 15:59:41,307 | INFO | plate_detector | analyze_image DONE | image=C:\Users\tomas\OneDrive\Documentos\vscodepy\LectorFinal\autos\ORT000.jpg | plates=0 | candidates=5 | elapsed=3.54s
2026-03-05 15:59:41,307 | INFO | plate_detector | process_plate_image DONE | image=C:\Users\tomas\OneDrive\Documentos\vscodepy\LectorFinal\autos\ORT000.jpg | plate= | conf=0.0 | elapsed=3.54s
2026-03-05 16:00:32,561 | INFO | django.utils.autoreload | Watching for file changes with StatReloader
2026-03-05 16:22:15,568 | INFO | django.utils.autoreload | C:\Users\tomas\OneDrive\Documentos\vscodepy\LectorFinal\plate_detector\views.py changed, reloading.
2026-03-05 16:22:19,489 | INFO | django.utils.autoreload | Watching for file changes with StatReloader
2026-03-05 16:22:33,328 | INFO | django.utils.autoreload | C:\Users\tomas\OneDrive\Documentos\vscodepy\LectorFinal\plate_detector\urls.py changed, reloading.
2026-03-05 16:22:35,175 | INFO | django.utils.autoreload | Watching for file changes with StatReloader
2026-03-05 16:22:39,629 | INFO | django.server | "GET / HTTP/1.1" 200 9408
2026-03-05 16:22:46,045 | INFO | django.server | "GET /static/icon/car.png HTTP/1.1" 200 445
2026-03-05 16:22:49,705 | INFO | django.server | "POST / HTTP/1.1" 200 9422
2026-03-05 16:22:57,328 | INFO | django.server | "POST / HTTP/1.1" 200 9424
2026-03-05 16:23:12,408 | INFO | django.server | "POST / HTTP/1.1" 200 9428
2026-03-05 16:23:17,121 | INFO | django.server | "GET /register/ HTTP/1.1" 200 11646
2026-03-05 16:23:46,062 | INFO | django.server | "POST /register/ HTTP/1.1" 302 0
2026-03-05 16:23:46,240 | INFO | django.server | "GET /dashboard/ HTTP/1.1" 200 29734
2026-03-05 16:23:51,040 | INFO | django.server | "GET /image-analysis/ HTTP/1.1" 200 13430
2026-03-05 16:24:10,660 | INFO | plate_detector | analyze_image START | image=C:\Users\tomas\OneDrive\Documentos\vscodepy\LectorFinal\media\analyzed\2026\03\05\AC778KP.jpg
2026-03-05 16:24:20,738 | INFO | plate_detector | process_image | candidates=6
2026-03-05 16:24:31,398 | WARNING | easyocr.easyocr | Using CPU. Note: This module is much faster with a GPU.
2026-03-05 16:24:42,435 | INFO | plate_detector | process_image SUMMARY | plates=0 | discarded_no_letters=4 | discarded_invalid=2
2026-03-05 16:24:42,437 | INFO | plate_detector | analyze_image DONE | image=C:\Users\tomas\OneDrive\Documentos\vscodepy\LectorFinal\media\analyzed\2026\03\05\AC778KP.jpg | plates=0 | candidates=6 | elapsed=31.78s
2026-03-05 16:24:42,518 | INFO | django.server | "POST /upload-analyze/ HTTP/1.1" 302 0
2026-03-05 16:24:42,589 | INFO | django.server | "GET /image-analysis/ HTTP/1.1" 200 14866
2026-03-05 16:24:48,779 | INFO | django.server | "GET /analysis/22/ HTTP/1.1" 200 19429
2026-03-05 16:24:48,858 | INFO | django.server | "GET /media/analyzed/2026/03/05/AC778KP.jpg HTTP/1.1" 200 93707
2026-03-05 16:24:48,886 | INFO | django.server | "GET /media/analyzed/2026/03/05/AC778KP_annotated.jpg HTTP/1.1" 200 160085
2026-03-05 16:25:19,952 | INFO | django.server | "GET /image-analysis/ HTTP/1.1" 200 14533
2026-03-05 16:25:29,979 | INFO | plate_detector | analyze_image START | image=C:\Users\tomas\OneDrive\Documentos\vscodepy\LectorFinal\media\analyzed\2026\03\05\AB123CD.jpg
2026-03-05 16:25:30,883 | INFO | plate_detector | process_image | candidates=13
2026-03-05 16:25:47,422 | INFO | plate_detector | process_image SUMMARY | plates=1 | discarded_no_letters=9 | discarded_invalid=3
2026-03-05 16:25:47,424 | INFO | plate_detector | analyze_image DONE | image=C:\Users\tomas\OneDrive\Documentos\vscodepy\LectorFinal\media\analyzed\2026\03\05\AB123CD.jpg | plates=1 | candidates=13 | elapsed=17.44s
2026-03-05 16:25:47,465 | INFO | django.server | "POST /upload-analyze/ HTTP/1.1" 302 0
2026-03-05 16:25:47,503 | INFO | django.server | "GET /image-analysis/ HTTP/1.1" 200 14858
2026-03-05 16:29:01,575 | INFO | django.utils.autoreload | C:\Users\tomas\OneDrive\Documentos\vscodepy\LectorFinal\plate_detector\views.py changed, reloading.
2026-03-05 16:29:06,409 | INFO | django.utils.autoreload | Watching for file changes with StatReloader
2026-03-05 16:29:56,977 | INFO | django.utils.autoreload | C:\Users\tomas\OneDrive\Documentos\vscodepy\LectorFinal\plate_detector\views.py changed, reloading.
2026-03-05 16:29:58,635 | INFO | django.utils.autoreload | Watching for file changes with StatReloader
2026-03-05 16:30:04,378 | INFO | django.server | "GET /image-analysis/ HTTP/1.1" 200 14534
2026-03-05 16:30:12,566 | INFO | plate_detector | analyze_image START | image=C:\Users\tomas\OneDrive\Documentos\vscodepy\LectorFinal\media\analyzed\2026\03\05\AB123CD_hdRt3af.jpg
2026-03-05 16:30:19,218 | INFO | plate_detector | process_image | candidates=13
2026-03-05 16:30:25,774 | WARNING | easyocr.easyocr | Using CPU. Note: This module is much faster with a GPU.
2026-03-05 16:30:45,815 | INFO | plate_detector | process_image SUMMARY | plates=1 | discarded_no_letters=9 | discarded_invalid=3
2026-03-05 16:30:45,831 | INFO | plate_detector | analyze_image DONE | image=C:\Users\tomas\OneDrive\Documentos\vscodepy\LectorFinal\media\analyzed\2026\03\05\AB123CD_hdRt3af.jpg | plates=1 | candidates=13 | elapsed=33.27s
2026-03-05 16:30:45,963 | INFO | django.server | "POST /upload-analyze/ HTTP/1.1" 302 0
2026-03-05 16:30:46,018 | INFO | django.server | "GET /image-analysis/ HTTP/1.1" 200 16340
2026-03-05 16:31:48,644 | INFO | django.server | "GET /analysis/24/ HTTP/1.1" 200 20328
2026-03-05 16:31:49,001 | INFO | django.server | "GET /media/analyzed/2026/03/05/AB123CD_hdRt3af.jpg HTTP/1.1" 200 91160
2026-03-05 16:31:49,027 | INFO | django.server | "GET /media/analyzed/2026/03/05/AB123CD_hdRt3af_annotated.jpg HTTP/1.1" 200 280709
2026-03-05 16:32:31,490 | INFO | django.server | "GET /image-analysis/ HTTP/1.1" 200 16027
2026-03-05 16:32:41,499 | INFO | plate_detector | analyze_image START | image=C:\Users\tomas\OneDrive\Documentos\vscodepy\LectorFinal\media\analyzed\2026\03\05\AC778KP_jzK1u0u.jpg
2026-03-05 16:32:43,454 | INFO | plate_detector | process_image | candidates=6
2026-03-05 16:32:50,881 | INFO | plate_detector | process_image SUMMARY | plates=0 | discarded_no_letters=4 | discarded_invalid=2
2026-03-05 16:32:50,881 | INFO | plate_detector | analyze_image DONE | image=C:\Users\tomas\OneDrive\Documentos\vscodepy\LectorFinal\media\analyzed\2026\03\05\AC778KP_jzK1u0u.jpg | plates=0 | candidates=6 | elapsed=9.38s
2026-03-05 16:32:50,918 | INFO | django.server | "POST /upload-analyze/ HTTP/1.1" 302 0
2026-03-05 16:32:50,948 | INFO | django.server | "GET /image-analysis/ HTTP/1.1" 200 17677
2026-03-06 08:45:54,339 | INFO | plate_detector | analyze_image START | image=C:\Users\tomas\OneDrive\Documentos\vscodepy\LectorFinal\autos\AA000AA.png
2026-03-06 08:46:02,208 | INFO | plate_detector | process_image | candidates=8
2026-03-06 08:46:11,340 | WARNING | easyocr.easyocr | Using CPU. Note: This module is much faster with a GPU.
2026-03-06 08:46:18,409 | INFO | plate_detector | process_image SUMMARY | plates=0 | discarded_prefilter=8 | discarded_invalid=0
2026-03-06 08:46:18,410 | INFO | plate_detector | analyze_image DONE | image=C:\Users\tomas\OneDrive\Documentos\vscodepy\LectorFinal\autos\AA000AA.png | plates=0 | candidates=8 | elapsed=24.07s
2026-03-06 08:46:18,410 | INFO | plate_detector | analyze_image START | image=C:\Users\tomas\OneDrive\Documentos\vscodepy\LectorFinal\autos\AA021ID.jpg
2026-03-06 08:46:19,107 | INFO | plate_detector | process_image | candidates=4
2026-03-06 08:46:20,388 | INFO | plate_detector | process_image SUMMARY | plates=0 | discarded_prefilter=4 | discarded_invalid=0
2026-03-06 08:46:20,390 | INFO | plate_detector | analyze_image DONE | image=C:\Users\tomas\OneDrive\Documentos\vscodepy\LectorFinal\autos\AA021ID.jpg | plates=0 | candidates=4 | elapsed=1.98s
2026-03-06 08:46:20,392 | INFO | plate_detector | analyze_image START | image=C:\Users\tomas\OneDrive\Documentos\vscodepy\LectorFinal\autos\AB123CD.jpg
2026-03-06 08:46:20,799 | INFO | plate_detector | process_image | candidates=8
2026-03-06 08:46:50,871 | INFO | plate_detector | process_image SUMMARY | plates=2 | discarded_prefilter=6 | discarded_invalid=0
2026-03-06 08:46:50,873 | INFO | plate_detector | analyze_image DONE | image=C:\Users\tomas\OneDrive\Documentos\vscodepy\LectorFinal\autos\AB123CD.jpg | plates=2 | candidates=8 | elapsed=30.48s
2026-03-06 08:46:50,873 | INFO | plate_detector | analyze_image START | image=C:\Users\tomas\OneDrive\Documentos\vscodepy\LectorFinal\autos\AB803SX.jpg
2026-03-06 08:46:51,101 | INFO | plate_detector | process_image | candidates=2
2026-03-06 08:47:06,210 | INFO | plate_detector | process_image SUMMARY | plates=1 | discarded_prefilter=1 | discarded_invalid=0
2026-03-06 08:47:06,210 | INFO | plate_detector | analyze_image DONE | image=C:\Users\tomas\OneDrive\Documentos\vscodepy\LectorFinal\autos\AB803SX.jpg | plates=1 | candidates=2 | elapsed=15.34s
2026-03-06 08:47:06,210 | INFO | plate_detector | analyze_image START | image=C:\Users\tomas\OneDrive\Documentos\vscodepy\LectorFinal\autos\AC778KP.jpg
2026-03-06 08:47:06,573 | INFO | plate_detector | process_image | candidates=5
2026-03-06 08:47:31,721 | INFO | plate_detector | process_image SUMMARY | plates=1 | discarded_prefilter=3 | discarded_invalid=0
2026-03-06 08:47:31,721 | INFO | plate_detector | analyze_image DONE | image=C:\Users\tomas\OneDrive\Documentos\vscodepy\LectorFinal\autos\AC778KP.jpg | plates=1 | candidates=5 | elapsed=25.51s
2026-03-06 08:47:31,723 | INFO | plate_detector | analyze_image START | image=C:\Users\tomas\OneDrive\Documentos\vscodepy\LectorFinal\autos\AD750EX.jpg
2026-03-06 08:47:32,025 | INFO | plate_detector | process_image | candidates=2
2026-03-06 08:47:32,604 | INFO | plate_detector | process_image SUMMARY | plates=0 | discarded_prefilter=2 | discarded_invalid=0
2026-03-06 08:47:32,604 | INFO | plate_detector | analyze_image DONE | image=C:\Users\tomas\OneDrive\Documentos\vscodepy\LectorFinal\autos\AD750EX.jpg | plates=0 | candidates=2 | elapsed=0.88s
2026-03-06 08:47:32,604 | INFO | plate_detector | analyze_image START | image=C:\Users\tomas\OneDrive\Documentos\vscodepy\LectorFinal\autos\AE486WE.jpg
2026-03-06 08:47:32,834 | INFO | plate_detector | process_image | candidates=1
2026-03-06 08:47:33,173 | INFO | plate_detector | process_image SUMMARY | plates=0 | discarded_prefilter=1 | discarded_invalid=0
2026-03-06 08:47:33,173 | INFO | plate_detector | analyze_image DONE | image=C:\Users\tomas\OneDrive\Documentos\vscodepy\LectorFinal\autos\AE486WE.jpg | plates=0 | candidates=1 | elapsed=0.57s
2026-03-06 08:47:33,173 | INFO | plate_detector | analyze_image START | image=C:\Users\tomas\OneDrive\Documentos\vscodepy\LectorFinal\autos\AF354NU.jpg
2026-03-06 08:47:33,445 | INFO | plate_detector | process_image | candidates=2
2026-03-06 08:47:41,800 | INFO | plate_detector | process_image SUMMARY | plates=1 | discarded_prefilter=1 | discarded_invalid=0
2026-03-06 08:47:41,800 | INFO | plate_detector | analyze_image DONE | image=C:\Users\tomas\OneDrive\Documentos\vscodepy\LectorFinal\autos\AF354NU.jpg | plates=1 | candidates=2 | elapsed=8.63s
2026-03-06 08:47:41,800 | INFO | plate_detector | analyze_image START | image=C:\Users\tomas\OneDrive\Documentos\vscodepy\LectorFinal\autos\auto6.png
2026-03-06 08:47:42,070 | INFO | plate_detector | process_image | candidates=3
2026-03-06 08:47:54,891 | INFO | plate_detector | process_image SUMMARY | plates=1 | discarded_prefilter=2 | discarded_invalid=0
2026-03-06 08:47:54,900 | INFO | plate_detector | analyze_image DONE | image=C:\Users\tomas\OneDrive\Documentos\vscodepy\LectorFinal\autos\auto6.png | plates=1 | candidates=3 | elapsed=13.09s
2026-03-06 08:47:54,900 | INFO | plate_detector | analyze_image START | image=C:\Users\tomas\OneDrive\Documentos\vscodepy\LectorFinal\autos\AXU699.jpg
2026-03-06 08:47:55,382 | INFO | plate_detector | process_image | candidates=15
2026-03-06 08:48:32,867 | INFO | plate_detector | process_image SUMMARY | plates=3 | discarded_prefilter=12 | discarded_invalid=0
2026-03-06 08:48:32,869 | INFO | plate_detector | analyze_image DONE | image=C:\Users\tomas\OneDrive\Documentos\vscodepy\LectorFinal\autos\AXU699.jpg | plates=3 | candidates=15 | elapsed=37.97s
2026-03-06 08:48:32,869 | INFO | plate_detector | analyze_image START | image=C:\Users\tomas\OneDrive\Documentos\vscodepy\LectorFinal\autos\BBB888.jpg
2026-03-06 08:48:32,895 | ERROR | plate_detector | No se pudo cargar la imagen | image=C:\Users\tomas\OneDrive\Documentos\vscodepy\LectorFinal\autos\BBB888.jpg
2026-03-06 08:48:32,895 | INFO | plate_detector | analyze_image START | image=C:\Users\tomas\OneDrive\Documentos\vscodepy\LectorFinal\autos\EOZ428.jpg
2026-03-06 08:48:33,206 | INFO | plate_detector | process_image | candidates=2
2026-03-06 08:49:00,976 | INFO | plate_detector | process_image SUMMARY | plates=1 | discarded_prefilter=0 | discarded_invalid=0
2026-03-06 08:49:00,976 | INFO | plate_detector | analyze_image DONE | image=C:\Users\tomas\OneDrive\Documentos\vscodepy\LectorFinal\autos\EOZ428.jpg | plates=1 | candidates=2 | elapsed=28.08s
2026-03-06 08:49:00,976 | INFO | plate_detector | analyze_image START | image=C:\Users\tomas\OneDrive\Documentos\vscodepy\LectorFinal\autos\FEO219.png
2026-03-06 08:49:01,371 | INFO | plate_detector | process_image | candidates=5
2026-03-06 08:50:13,402 | INFO | plate_detector | process_image SUMMARY | plates=4 | discarded_prefilter=1 | discarded_invalid=0
2026-03-06 08:50:13,402 | INFO | plate_detector | analyze_image DONE | image=C:\Users\tomas\OneDrive\Documentos\vscodepy\LectorFinal\autos\FEO219.png | plates=4 | candidates=5 | elapsed=72.43s
2026-03-06 08:50:13,402 | INFO | plate_detector | analyze_image START | image=C:\Users\tomas\OneDrive\Documentos\vscodepy\LectorFinal\autos\FIN678.png
2026-03-06 08:50:13,432 | ERROR | plate_detector | No se pudo cargar la imagen | image=C:\Users\tomas\OneDrive\Documentos\vscodepy\LectorFinal\autos\FIN678.png
2026-03-06 08:50:13,432 | INFO | plate_detector | analyze_image START | image=C:\Users\tomas\OneDrive\Documentos\vscodepy\LectorFinal\autos\GAS508.jpg
2026-03-06 08:50:13,776 | INFO | plate_detector | process_image | candidates=4
2026-03-06 08:50:50,942 | INFO | plate_detector | process_image SUMMARY | plates=2 | discarded_prefilter=2 | discarded_invalid=0
2026-03-06 08:50:50,942 | INFO | plate_detector | analyze_image DONE | image=C:\Users\tomas\OneDrive\Documentos\vscodepy\LectorFinal\autos\GAS508.jpg | plates=2 | candidates=4 | elapsed=37.51s
2026-03-06 08:50:50,942 | INFO | plate_detector | analyze_image START | image=C:\Users\tomas\OneDrive\Documentos\vscodepy\LectorFinal\autos\GAY044.jpg
2026-03-06 08:50:50,961 | ERROR | plate_detector | No se pudo cargar la imagen | image=C:\Users\tomas\OneDrive\Documentos\vscodepy\LectorFinal\autos\GAY044.jpg
2026-03-06 08:50:50,961 | INFO | plate_detector | analyze_image START | image=C:\Users\tomas\OneDrive\Documentos\vscodepy\LectorFinal\autos\JJV337.jpg
2026-03-06 08:50:51,353 | INFO | plate_detector | process_image | candidates=0
2026-03-06 08:50:51,353 | INFO | plate_detector | process_image SUMMARY | plates=0 | discarded_prefilter=0 | discarded_invalid=0
2026-03-06 08:50:51,353 | INFO | plate_detector | analyze_image DONE | image=C:\Users\tomas\OneDrive\Documentos\vscodepy\LectorFinal\autos\JJV337.jpg | plates=0 | candidates=0 | elapsed=0.39s
2026-03-06 08:50:51,353 | INFO | plate_detector | analyze_image START | image=C:\Users\tomas\OneDrive\Documentos\vscodepy\LectorFinal\autos\ORT000.jpg
2026-03-06 08:50:51,726 | INFO | plate_detector | process_image | candidates=5
2026-03-06 08:50:54,488 | INFO | plate_detector | process_image SUMMARY | plates=0 | discarded_prefilter=5 | discarded_invalid=0
2026-03-06 08:50:54,488 | INFO | plate_detector | analyze_image DONE | image=C:\Users\tomas\OneDrive\Documentos\vscodepy\LectorFinal\autos\ORT000.jpg | plates=0 | candidates=5 | elapsed=3.14s
2026-03-06 08:53:40,508 | INFO | plate_detector | analyze_image START | image=C:\Users\tomas\OneDrive\Documentos\vscodepy\LectorFinal\autos\AA000AA.png
2026-03-06 08:53:49,905 | INFO | plate_detector | process_image | candidates=8
2026-03-06 08:53:59,663 | WARNING | easyocr.easyocr | Using CPU. Note: This module is much faster with a GPU.
2026-03-06 08:54:06,925 | INFO | plate_detector | process_image SUMMARY | plates=0 | discarded_prefilter=8 | discarded_invalid=0
2026-03-06 08:54:06,925 | INFO | plate_detector | analyze_image DONE | image=C:\Users\tomas\OneDrive\Documentos\vscodepy\LectorFinal\autos\AA000AA.png | plates=0 | candidates=8 | elapsed=26.42s
2026-03-06 08:54:06,925 | INFO | plate_detector | analyze_image START | image=C:\Users\tomas\OneDrive\Documentos\vscodepy\LectorFinal\autos\AA021ID.jpg
2026-03-06 08:54:07,602 | INFO | plate_detector | process_image | candidates=4
2026-03-06 08:54:08,855 | INFO | plate_detector | process_image SUMMARY | plates=0 | discarded_prefilter=4 | discarded_invalid=0
2026-03-06 08:54:08,857 | INFO | plate_detector | analyze_image DONE | image=C:\Users\tomas\OneDrive\Documentos\vscodepy\LectorFinal\autos\AA021ID.jpg | plates=0 | candidates=4 | elapsed=1.93s
2026-03-06 08:54:08,859 | INFO | plate_detector | analyze_image START | image=C:\Users\tomas\OneDrive\Documentos\vscodepy\LectorFinal\autos\AB123CD.jpg
2026-03-06 08:54:09,241 | INFO | plate_detector | process_image | candidates=8
2026-03-06 08:54:38,178 | INFO | plate_detector | process_image SUMMARY | plates=2 | discarded_prefilter=6 | discarded_invalid=0
2026-03-06 08:54:38,178 | INFO | plate_detector | analyze_image DONE | image=C:\Users\tomas\OneDrive\Documentos\vscodepy\LectorFinal\autos\AB123CD.jpg | plates=2 | candidates=8 | elapsed=29.32s
2026-03-06 08:54:38,180 | INFO | plate_detector | analyze_image START | image=C:\Users\tomas\OneDrive\Documentos\vscodepy\LectorFinal\autos\AB803SX.jpg
2026-03-06 08:54:38,651 | INFO | plate_detector | process_image | candidates=2
2026-03-06 08:54:54,441 | INFO | plate_detector | process_image SUMMARY | plates=1 | discarded_prefilter=1 | discarded_invalid=0
2026-03-06 08:54:54,441 | INFO | plate_detector | analyze_image DONE | image=C:\Users\tomas\OneDrive\Documentos\vscodepy\LectorFinal\autos\AB803SX.jpg | plates=1 | candidates=2 | elapsed=16.26s
2026-03-06 08:54:54,441 | INFO | plate_detector | analyze_image START | image=C:\Users\tomas\OneDrive\Documentos\vscodepy\LectorFinal\autos\AC778KP.jpg
2026-03-06 08:54:54,787 | INFO | plate_detector | process_image | candidates=5
2026-03-06 08:55:25,671 | INFO | plate_detector | process_image SUMMARY | plates=1 | discarded_prefilter=3 | discarded_invalid=0
2026-03-06 08:55:25,671 | INFO | plate_detector | analyze_image DONE | image=C:\Users\tomas\OneDrive\Documentos\vscodepy\LectorFinal\autos\AC778KP.jpg | plates=1 | candidates=5 | elapsed=31.23s
2026-03-06 08:55:25,671 | INFO | plate_detector | analyze_image START | image=C:\Users\tomas\OneDrive\Documentos\vscodepy\LectorFinal\autos\AD750EX.jpg
2026-03-06 08:55:26,164 | INFO | plate_detector | process_image | candidates=2
2026-03-06 08:55:26,909 | INFO | plate_detector | process_image SUMMARY | plates=0 | discarded_prefilter=2 | discarded_invalid=0
2026-03-06 08:55:26,909 | INFO | plate_detector | analyze_image DONE | image=C:\Users\tomas\OneDrive\Documentos\vscodepy\LectorFinal\autos\AD750EX.jpg | plates=0 | candidates=2 | elapsed=1.24s
2026-03-06 08:55:26,909 | INFO | plate_detector | analyze_image START | image=C:\Users\tomas\OneDrive\Documentos\vscodepy\LectorFinal\autos\AE486WE.jpg
2026-03-06 08:55:27,172 | INFO | plate_detector | process_image | candidates=1
2026-03-06 08:55:27,545 | INFO | plate_detector | process_image SUMMARY | plates=0 | discarded_prefilter=1 | discarded_invalid=0
2026-03-06 08:55:27,545 | INFO | plate_detector | analyze_image DONE | image=C:\Users\tomas\OneDrive\Documentos\vscodepy\LectorFinal\autos\AE486WE.jpg | plates=0 | candidates=1 | elapsed=0.64s
2026-03-06 08:55:27,545 | INFO | plate_detector | analyze_image START | image=C:\Users\tomas\OneDrive\Documentos\vscodepy\LectorFinal\autos\AF354NU.jpg
2026-03-06 08:55:27,848 | INFO | plate_detector | process_image | candidates=2
2026-03-06 08:55:37,881 | INFO | plate_detector | process_image SUMMARY | plates=1 | discarded_prefilter=1 | discarded_invalid=0
2026-03-06 08:55:37,881 | INFO | plate_detector | analyze_image DONE | image=C:\Users\tomas\OneDrive\Documentos\vscodepy\LectorFinal\autos\AF354NU.jpg | plates=1 | candidates=2 | elapsed=10.34s
2026-03-06 08:55:37,881 | INFO | plate_detector | analyze_image START | image=C:\Users\tomas\OneDrive\Documentos\vscodepy\LectorFinal\autos\AXU699.jpg
2026-03-06 08:55:38,729 | INFO | plate_detector | process_image | candidates=15
2026-03-06 08:56:17,982 | INFO | plate_detector | process_image SUMMARY | plates=3 | discarded_prefilter=12 | discarded_invalid=0
2026-03-06 08:56:17,982 | INFO | plate_detector | analyze_image DONE | image=C:\Users\tomas\OneDrive\Documentos\vscodepy\LectorFinal\autos\AXU699.jpg | plates=3 | candidates=15 | elapsed=40.10s
2026-03-06 08:56:17,984 | INFO | plate_detector | analyze_image START | image=C:\Users\tomas\OneDrive\Documentos\vscodepy\LectorFinal\autos\BBB888.jpg
2026-03-06 08:56:18,011 | ERROR | plate_detector | No se pudo cargar la imagen | image=C:\Users\tomas\OneDrive\Documentos\vscodepy\LectorFinal\autos\BBB888.jpg
2026-03-06 08:56:18,011 | INFO | plate_detector | analyze_image START | image=C:\Users\tomas\OneDrive\Documentos\vscodepy\LectorFinal\autos\EOZ428.jpg
2026-03-06 08:56:18,329 | INFO | plate_detector | process_image | candidates=2
2026-03-06 08:56:45,730 | INFO | plate_detector | process_image SUMMARY | plates=1 | discarded_prefilter=0 | discarded_invalid=0
2026-03-06 08:56:45,730 | INFO | plate_detector | analyze_image DONE | image=C:\Users\tomas\OneDrive\Documentos\vscodepy\LectorFinal\autos\EOZ428.jpg | plates=1 | candidates=2 | elapsed=27.72s
2026-03-06 08:56:45,730 | INFO | plate_detector | analyze_image START | image=C:\Users\tomas\OneDrive\Documentos\vscodepy\LectorFinal\autos\FEO219.png
2026-03-06 08:56:46,137 | INFO | plate_detector | process_image | candidates=5
2026-03-06 08:57:53,953 | INFO | plate_detector | process_image SUMMARY | plates=4 | discarded_prefilter=1 | discarded_invalid=0
2026-03-06 08:57:53,955 | INFO | plate_detector | analyze_image DONE | image=C:\Users\tomas\OneDrive\Documentos\vscodepy\LectorFinal\autos\FEO219.png | plates=4 | candidates=5 | elapsed=68.23s
2026-03-06 08:57:53,955 | INFO | plate_detector | analyze_image START | image=C:\Users\tomas\OneDrive\Documentos\vscodepy\LectorFinal\autos\FIN678.png
2026-03-06 08:57:53,984 | ERROR | plate_detector | No se pudo cargar la imagen | image=C:\Users\tomas\OneDrive\Documentos\vscodepy\LectorFinal\autos\FIN678.png
2026-03-06 08:57:53,984 | INFO | plate_detector | analyze_image START | image=C:\Users\tomas\OneDrive\Documentos\vscodepy\LectorFinal\autos\GAS508.jpg
2026-03-06 08:57:54,307 | INFO | plate_detector | process_image | candidates=4
2026-03-06 08:58:29,364 | INFO | plate_detector | process_image SUMMARY | plates=2 | discarded_prefilter=2 | discarded_invalid=0
2026-03-06 08:58:29,364 | INFO | plate_detector | analyze_image DONE | image=C:\Users\tomas\OneDrive\Documentos\vscodepy\LectorFinal\autos\GAS508.jpg | plates=2 | candidates=4 | elapsed=35.38s
2026-03-06 08:58:29,364 | INFO | plate_detector | analyze_image START | image=C:\Users\tomas\OneDrive\Documentos\vscodepy\LectorFinal\autos\GAY044.jpg
2026-03-06 08:58:29,389 | ERROR | plate_detector | No se pudo cargar la imagen | image=C:\Users\tomas\OneDrive\Documentos\vscodepy\LectorFinal\autos\GAY044.jpg
2026-03-06 08:58:29,389 | INFO | plate_detector | analyze_image START | image=C:\Users\tomas\OneDrive\Documentos\vscodepy\LectorFinal\autos\JJV337.jpg
2026-03-06 08:58:29,661 | INFO | plate_detector | process_image | candidates=0
2026-03-06 08:58:29,661 | INFO | plate_detector | process_image SUMMARY | plates=0 | discarded_prefilter=0 | discarded_invalid=0
2026-03-06 08:58:29,661 | INFO | plate_detector | analyze_image DONE | image=C:\Users\tomas\OneDrive\Documentos\vscodepy\LectorFinal\autos\JJV337.jpg | plates=0 | candidates=0 | elapsed=0.27s
2026-03-06 08:58:29,661 | INFO | plate_detector | analyze_image START | image=C:\Users\tomas\OneDrive\Documentos\vscodepy\LectorFinal\autos\ORT000.jpg
2026-03-06 08:58:29,972 | INFO | plate_detector | process_image | candidates=5
2026-03-06 08:58:32,294 | INFO | plate_detector | process_image SUMMARY | plates=0 | discarded_prefilter=5 | discarded_invalid=0
2026-03-06 08:58:32,294 | INFO | plate_detector | analyze_image DONE | image=C:\Users\tomas\OneDrive\Documentos\vscodepy\LectorFinal\autos\ORT000.jpg | plates=0 | candidates=5 | elapsed=2.63s
2026-03-06 09:02:10,450 | INFO | plate_detector | analyze_image START | image=C:\Users\tomas\OneDrive\Documentos\vscodepy\LectorFinal\autos\AA000AA.png
2026-03-06 09:02:15,629 | INFO | plate_detector | process_image | candidates=8
2026-03-06 09:02:20,742 | WARNING | easyocr.easyocr | Using CPU. Note: This module is much faster with a GPU.
2026-03-06 09:02:27,666 | INFO | plate_detector | process_image SUMMARY | plates=0 | discarded_prefilter=8 | discarded_invalid=0
2026-03-06 09:02:27,666 | INFO | plate_detector | analyze_image DONE | image=C:\Users\tomas\OneDrive\Documentos\vscodepy\LectorFinal\autos\AA000AA.png | plates=0 | candidates=8 | elapsed=17.22s
2026-03-06 09:02:27,668 | INFO | plate_detector | analyze_image START | image=C:\Users\tomas\OneDrive\Documentos\vscodepy\LectorFinal\autos\AA021ID.jpg
2026-03-06 09:02:28,274 | INFO | plate_detector | process_image | candidates=4
2026-03-06 09:02:29,516 | INFO | plate_detector | process_image SUMMARY | plates=0 | discarded_prefilter=4 | discarded_invalid=0
2026-03-06 09:02:29,518 | INFO | plate_detector | analyze_image DONE | image=C:\Users\tomas\OneDrive\Documentos\vscodepy\LectorFinal\autos\AA021ID.jpg | plates=0 | candidates=4 | elapsed=1.85s
2026-03-06 09:02:29,518 | INFO | plate_detector | analyze_image START | image=C:\Users\tomas\OneDrive\Documentos\vscodepy\LectorFinal\autos\AB123CD.jpg
2026-03-06 09:02:29,857 | INFO | plate_detector | process_image | candidates=8
2026-03-06 09:02:57,363 | INFO | plate_detector | process_image SUMMARY | plates=2 | discarded_prefilter=6 | discarded_invalid=0
2026-03-06 09:02:57,363 | INFO | plate_detector | analyze_image DONE | image=C:\Users\tomas\OneDrive\Documentos\vscodepy\LectorFinal\autos\AB123CD.jpg | plates=2 | candidates=8 | elapsed=27.85s
2026-03-06 09:02:57,363 | INFO | plate_detector | analyze_image START | image=C:\Users\tomas\OneDrive\Documentos\vscodepy\LectorFinal\autos\AB803SX.jpg
2026-03-06 09:02:57,591 | INFO | plate_detector | process_image | candidates=2
2026-03-06 09:03:12,803 | INFO | plate_detector | process_image SUMMARY | plates=1 | discarded_prefilter=1 | discarded_invalid=0
2026-03-06 09:03:12,803 | INFO | plate_detector | analyze_image DONE | image=C:\Users\tomas\OneDrive\Documentos\vscodepy\LectorFinal\autos\AB803SX.jpg | plates=1 | candidates=2 | elapsed=15.44s
2026-03-06 09:03:12,803 | INFO | plate_detector | analyze_image START | image=C:\Users\tomas\OneDrive\Documentos\vscodepy\LectorFinal\autos\AC778KP.jpg
2026-03-06 09:03:13,138 | INFO | plate_detector | process_image | candidates=5
2026-03-06 09:03:38,250 | INFO | plate_detector | process_image SUMMARY | plates=1 | discarded_prefilter=3 | discarded_invalid=0
2026-03-06 09:03:38,252 | INFO | plate_detector | analyze_image DONE | image=C:\Users\tomas\OneDrive\Documentos\vscodepy\LectorFinal\autos\AC778KP.jpg | plates=1 | candidates=5 | elapsed=25.45s
2026-03-06 09:03:38,252 | INFO | plate_detector | analyze_image START | image=C:\Users\tomas\OneDrive\Documentos\vscodepy\LectorFinal\autos\AD750EX.jpg
2026-03-06 09:03:38,558 | INFO | plate_detector | process_image | candidates=2
2026-03-06 09:03:39,176 | INFO | plate_detector | process_image SUMMARY | plates=0 | discarded_prefilter=2 | discarded_invalid=0
2026-03-06 09:03:39,176 | INFO | plate_detector | analyze_image DONE | image=C:\Users\tomas\OneDrive\Documentos\vscodepy\LectorFinal\autos\AD750EX.jpg | plates=0 | candidates=2 | elapsed=0.92s
2026-03-06 09:03:39,178 | INFO | plate_detector | analyze_image START | image=C:\Users\tomas\OneDrive\Documentos\vscodepy\LectorFinal\autos\AE486WE.jpg
2026-03-06 09:03:39,420 | INFO | plate_detector | process_image | candidates=1
2026-03-06 09:03:39,772 | INFO | plate_detector | process_image SUMMARY | plates=0 | discarded_prefilter=1 | discarded_invalid=0
2026-03-06 09:03:39,772 | INFO | plate_detector | analyze_image DONE | image=C:\Users\tomas\OneDrive\Documentos\vscodepy\LectorFinal\autos\AE486WE.jpg | plates=0 | candidates=1 | elapsed=0.59s
2026-03-06 09:03:39,774 | INFO | plate_detector | analyze_image START | image=C:\Users\tomas\OneDrive\Documentos\vscodepy\LectorFinal\autos\AF354NU.jpg
2026-03-06 09:03:40,073 | INFO | plate_detector | process_image | candidates=2
2026-03-06 09:03:48,480 | INFO | plate_detector | process_image SUMMARY | plates=1 | discarded_prefilter=1 | discarded_invalid=0
2026-03-06 09:03:48,480 | INFO | plate_detector | analyze_image DONE | image=C:\Users\tomas\OneDrive\Documentos\vscodepy\LectorFinal\autos\AF354NU.jpg | plates=1 | candidates=2 | elapsed=8.71s
2026-03-06 09:03:48,480 | INFO | plate_detector | analyze_image START | image=C:\Users\tomas\OneDrive\Documentos\vscodepy\LectorFinal\autos\AXU699.jpg
2026-03-06 09:03:48,959 | INFO | plate_detector | process_image | candidates=15
2026-03-06 09:04:27,788 | INFO | plate_detector | process_image SUMMARY | plates=3 | discarded_prefilter=12 | discarded_invalid=0
2026-03-06 09:04:27,788 | INFO | plate_detector | analyze_image DONE | image=C:\Users\tomas\OneDrive\Documentos\vscodepy\LectorFinal\autos\AXU699.jpg | plates=3 | candidates=15 | elapsed=39.31s
2026-03-06 09:04:27,790 | INFO | plate_detector | analyze_image START | image=C:\Users\tomas\OneDrive\Documentos\vscodepy\LectorFinal\autos\BBB888.jpg
2026-03-06 09:04:27,804 | ERROR | plate_detector | No se pudo cargar la imagen | image=C:\Users\tomas\OneDrive\Documentos\vscodepy\LectorFinal\autos\BBB888.jpg
2026-03-06 09:04:27,804 | INFO | plate_detector | analyze_image START | image=C:\Users\tomas\OneDrive\Documentos\vscodepy\LectorFinal\autos\EOZ428.jpg
2026-03-06 09:04:28,134 | INFO | plate_detector | process_image | candidates=2
2026-03-06 09:04:57,313 | INFO | plate_detector | process_image SUMMARY | plates=1 | discarded_prefilter=0 | discarded_invalid=0
2026-03-06 09:04:57,313 | INFO | plate_detector | analyze_image DONE | image=C:\Users\tomas\OneDrive\Documentos\vscodepy\LectorFinal\autos\EOZ428.jpg | plates=1 | candidates=2 | elapsed=29.51s
2026-03-06 09:04:57,313 | INFO | plate_detector | analyze_image START | image=C:\Users\tomas\OneDrive\Documentos\vscodepy\LectorFinal\autos\FEO219.png
2026-03-06 09:04:57,704 | INFO | plate_detector | process_image | candidates=5
2026-03-06 09:06:08,387 | INFO | plate_detector | process_image SUMMARY | plates=4 | discarded_prefilter=1 | discarded_invalid=0
2026-03-06 09:06:08,387 | INFO | plate_detector | analyze_image DONE | image=C:\Users\tomas\OneDrive\Documentos\vscodepy\LectorFinal\autos\FEO219.png | plates=4 | candidates=5 | elapsed=71.07s
2026-03-06 09:06:08,387 | INFO | plate_detector | analyze_image START | image=C:\Users\tomas\OneDrive\Documentos\vscodepy\LectorFinal\autos\FIN678.png
2026-03-06 09:06:08,401 | ERROR | plate_detector | No se pudo cargar la imagen | image=C:\Users\tomas\OneDrive\Documentos\vscodepy\LectorFinal\autos\FIN678.png
2026-03-06 09:06:08,401 | INFO | plate_detector | analyze_image START | image=C:\Users\tomas\OneDrive\Documentos\vscodepy\LectorFinal\autos\GAS508.jpg
2026-03-06 09:06:08,709 | INFO | plate_detector | process_image | candidates=4
2026-03-06 09:06:40,882 | INFO | plate_detector | process_image SUMMARY | plates=2 | discarded_prefilter=2 | discarded_invalid=0
2026-03-06 09:06:40,884 | INFO | plate_detector | analyze_image DONE | image=C:\Users\tomas\OneDrive\Documentos\vscodepy\LectorFinal\autos\GAS508.jpg | plates=2 | candidates=4 | elapsed=32.48s
2026-03-06 09:06:40,884 | INFO | plate_detector | analyze_image START | image=C:\Users\tomas\OneDrive\Documentos\vscodepy\LectorFinal\autos\GAY044.jpg
2026-03-06 09:06:40,896 | ERROR | plate_detector | No se pudo cargar la imagen | image=C:\Users\tomas\OneDrive\Documentos\vscodepy\LectorFinal\autos\GAY044.jpg
2026-03-06 09:06:40,897 | INFO | plate_detector | analyze_image START | image=C:\Users\tomas\OneDrive\Documentos\vscodepy\LectorFinal\autos\JJV337.jpg
2026-03-06 09:06:41,183 | INFO | plate_detector | process_image | candidates=0
2026-03-06 09:06:41,183 | INFO | plate_detector | process_image SUMMARY | plates=0 | discarded_prefilter=0 | discarded_invalid=0
2026-03-06 09:06:41,183 | INFO | plate_detector | analyze_image DONE | image=C:\Users\tomas\OneDrive\Documentos\vscodepy\LectorFinal\autos\JJV337.jpg | plates=0 | candidates=0 | elapsed=0.29s
2026-03-06 09:06:41,183 | INFO | plate_detector | analyze_image START | image=C:\Users\tomas\OneDrive\Documentos\vscodepy\LectorFinal\autos\ORT000.jpg
2026-03-06 09:06:41,473 | INFO | plate_detector | process_image | candidates=5
2026-03-06 09:06:43,831 | INFO | plate_detector | process_image SUMMARY | plates=0 | discarded_prefilter=5 | discarded_invalid=0
2026-03-06 09:06:43,831 | INFO | plate_detector | analyze_image DONE | image=C:\Users\tomas\OneDrive\Documentos\vscodepy\LectorFinal\autos\ORT000.jpg | plates=0 | candidates=5 | elapsed=2.65s
2026-03-06 09:07:47,701 | INFO | django.utils.autoreload | Watching for file changes with StatReloader
2026-03-06 09:07:51,097 | INFO | django.server | "GET / HTTP/1.1" 302 0
2026-03-06 09:07:51,684 | INFO | django.server | "GET /dashboard/ HTTP/1.1" 200 35708
2026-03-06 09:07:52,628 | INFO | django.server | "GET /media/analyzed/2026/03/05/AB123CD_hdRt3af.jpg HTTP/1.1" 304 0
2026-03-06 09:07:52,630 | INFO | django.server | "GET /media/analyzed/2026/03/05/AC778KP.jpg HTTP/1.1" 304 0
2026-03-06 09:07:52,739 | INFO | django.server | "GET /media/analyzed/2026/03/05/AC778KP_jzK1u0u.jpg HTTP/1.1" 200 93707
2026-03-06 09:08:02,165 | INFO | django.server | "GET /logout/ HTTP/1.1" 302 0
2026-03-06 09:08:02,298 | INFO | django.server | "GET / HTTP/1.1" 200 9408
2026-03-06 09:08:05,083 | INFO | django.server | "POST / HTTP/1.1" 200 9428
2026-03-06 09:08:07,795 | INFO | django.server | "POST / HTTP/1.1" 200 9428
2026-03-06 09:08:11,156 | INFO | django.server | "POST / HTTP/1.1" 200 9428
2026-03-06 09:08:13,464 | INFO | django.server | "GET /register/ HTTP/1.1" 200 11646
2026-03-06 09:08:28,520 | INFO | django.server | "POST / HTTP/1.1" 200 9422
2026-03-06 09:08:35,945 | INFO | django.server | "POST / HTTP/1.1" 200 9423
2026-03-06 09:10:37,827 | INFO | django.server | "POST / HTTP/1.1" 302 0
2026-03-06 09:10:37,895 | INFO | django.server | "GET /dashboard/ HTTP/1.1" 200 35708
2026-03-06 09:10:48,851 | INFO | django.server | "GET /image-analysis/ HTTP/1.1" 200 17381
2026-03-06 09:11:03,888 | INFO | plate_detector | analyze_image START | image=C:\Users\tomas\OneDrive\Documentos\vscodepy\LectorFinal\media\analyzed\2026\03\06\AC778KP.jpg
2026-03-06 09:11:10,211 | INFO | plate_detector | process_image | candidates=5
2026-03-06 09:11:15,543 | WARNING | easyocr.easyocr | Using CPU. Note: This module is much faster with a GPU.
2026-03-06 09:11:34,473 | INFO | plate_detector | process_image SUMMARY | plates=1 | discarded_prefilter=4 | discarded_invalid=0
2026-03-06 09:11:34,473 | INFO | plate_detector | analyze_image DONE | image=C:\Users\tomas\OneDrive\Documentos\vscodepy\LectorFinal\media\analyzed\2026\03\06\AC778KP.jpg | plates=1 | candidates=5 | elapsed=30.59s
2026-03-06 09:11:37,399 | INFO | django.server | "POST /upload-analyze/ HTTP/1.1" 302 0
2026-03-06 09:11:37,436 | INFO | django.server | "GET /image-analysis/ HTTP/1.1" 200 18095
2026-03-06 09:21:43,774 | INFO | django.utils.autoreload | C:\Users\tomas\OneDrive\Documentos\vscodepy\LectorFinal\plate_detector\services.py changed, reloading.
2026-03-06 09:22:43,490 | INFO | django.utils.autoreload | Watching for file changes with StatReloader
2026-03-06 09:22:47,385 | INFO | plate_detector | analyze_image START | image=C:\Users\tomas\OneDrive\Documentos\vscodepy\LectorFinal\media\analyzed\2026\03\06\AB123CD.jpg
2026-03-06 09:22:53,464 | INFO | plate_detector | process_image | candidates=8
2026-03-06 09:22:55,979 | INFO | django.server | "GET /image-analysis/ HTTP/1.1" 200 18691
2026-03-06 09:22:59,969 | INFO | plate_detector | analyze_image START | image=C:\Users\tomas\OneDrive\Documentos\vscodepy\LectorFinal\media\analyzed\2026\03\06\AB123CD_uB0dB3T.jpg
2026-03-06 09:23:01,030 | INFO | plate_detector | process_image | candidates=8
2026-03-06 09:23:01,451 | WARNING | easyocr.easyocr | Using CPU. Note: This module is much faster with a GPU.
2026-03-06 09:23:01,451 | WARNING | easyocr.easyocr | Using CPU. Note: This module is much faster with a GPU.
2026-03-06 09:24:07,218 | INFO | plate_detector | process_image SUMMARY | plates=2 | discarded_prefilter=6 | discarded_invalid=0
2026-03-06 09:24:07,218 | INFO | plate_detector | analyze_image DONE | image=C:\Users\tomas\OneDrive\Documentos\vscodepy\LectorFinal\media\analyzed\2026\03\06\AB123CD_uB0dB3T.jpg | plates=2 | candidates=8 | elapsed=67.25s
2026-03-06 09:24:10,248 | INFO | django.server | "POST /upload-analyze/ HTTP/1.1" 302 0
2026-03-06 09:24:10,311 | INFO | django.server | "GET /image-analysis/ HTTP/1.1" 200 19404
2026-03-06 09:24:13,691 | INFO | plate_detector | process_image SUMMARY | plates=2 | discarded_prefilter=6 | discarded_invalid=0
2026-03-06 09:24:13,693 | INFO | plate_detector | analyze_image DONE | image=C:\Users\tomas\OneDrive\Documentos\vscodepy\LectorFinal\media\analyzed\2026\03\06\AB123CD.jpg | plates=2 | candidates=8 | elapsed=86.31s
2026-03-06 09:24:13,760 | INFO | django.server | - Broken pipe from ('127.0.0.1', 51485)
2026-03-06 09:28:31,751 | INFO | django.utils.autoreload | C:\Users\tomas\OneDrive\Documentos\vscodepy\LectorFinal\plate_detector\views.py changed, reloading.
2026-03-06 09:30:26,809 | INFO | django.utils.autoreload | Watching for file changes with StatReloader
2026-03-06 09:30:31,196 | INFO | django.server | "GET /image-analysis/ HTTP/1.1" 200 17367
2026-03-06 09:30:38,966 | INFO | plate_detector | analyze_image START | image=C:\Users\tomas\OneDrive\Documentos\vscodepy\LectorFinal\media\analyzed\2026\03\06\AB123CD_dg90afR.jpg
2026-03-06 09:30:45,468 | INFO | plate_detector | process_image | candidates=8
2026-03-06 09:30:50,239 | WARNING | easyocr.easyocr | Using CPU. Note: This module is much faster with a GPU.
2026-03-06 09:31:23,067 | INFO | plate_detector | process_image SUMMARY | plates=2 | discarded_prefilter=6 | discarded_invalid=0
2026-03-06 09:31:23,069 | INFO | plate_detector | analyze_image DONE | image=C:\Users\tomas\OneDrive\Documentos\vscodepy\LectorFinal\media\analyzed\2026\03\06\AB123CD_dg90afR.jpg | plates=2 | candidates=8 | elapsed=44.10s
2026-03-06 09:31:23,134 | INFO | django.server | "POST /upload-analyze/ HTTP/1.1" 302 0
2026-03-06 09:31:23,159 | INFO | django.server | "GET /image-analysis/ HTTP/1.1" 200 19186
2026-03-06 09:38:41,503 | INFO | django.server | "GET /analysis/29/ HTTP/1.1" 200 20873
2026-03-06 09:38:41,857 | INFO | django.server | "GET /media/analyzed/2026/03/06/AB123CD_dg90afR.jpg HTTP/1.1" 200 91160
2026-03-06 09:38:41,896 | INFO | django.server | "GET /media/analyzed/2026/03/06/AB123CD_dg90afR_annotated.jpg HTTP/1.1" 200 286739
2026-03-06 09:39:06,232 | WARNING | django.request | Not Found: /favicon.ico
2026-03-06 09:39:06,232 | WARNING | django.server | "GET /favicon.ico HTTP/1.1" 404 7727
2026-03-06 09:39:30,981 | INFO | django.server | "GET /image-analysis/ HTTP/1.1" 200 18874
2026-03-06 09:39:40,823 | INFO | django.server | "GET /analysis/29/ HTTP/1.1" 200 20873
2026-03-06 09:39:40,913 | INFO | django.server | "GET /media/analyzed/2026/03/06/AB123CD_dg90afR.jpg HTTP/1.1" 304 0
2026-03-06 09:39:40,915 | INFO | django.server | "GET /media/analyzed/2026/03/06/AB123CD_dg90afR_annotated.jpg HTTP/1.1" 304 0
2026-03-06 09:40:27,964 | INFO | plate_detector | analyze_image START | image=C:\Users\tomas\OneDrive\Documentos\vscodepy\LectorFinal\media\analyzed\2026\03\06\AC778KP_Ho2vUQX.jpg
2026-03-06 09:40:28,600 | INFO | plate_detector | process_image | candidates=5
2026-03-06 09:40:42,220 | INFO | plate_detector | process_image SUMMARY | plates=1 | discarded_prefilter=4 | discarded_invalid=0
2026-03-06 09:40:42,222 | INFO | plate_detector | analyze_image DONE | image=C:\Users\tomas\OneDrive\Documentos\vscodepy\LectorFinal\media\analyzed\2026\03\06\AC778KP_Ho2vUQX.jpg | plates=1 | candidates=5 | elapsed=14.26s
2026-03-06 09:40:42,273 | INFO | django.server | "POST /upload-analyze/ HTTP/1.1" 302 0
2026-03-06 09:40:42,302 | INFO | django.server | "GET /image-analysis/ HTTP/1.1" 200 20684
2026-03-06 09:40:44,306 | INFO | django.server | "GET /analysis/30/ HTTP/1.1" 200 20329
2026-03-06 09:40:44,377 | INFO | django.server | "GET /media/analyzed/2026/03/06/AC778KP_Ho2vUQX.jpg HTTP/1.1" 200 93707
2026-03-06 09:40:44,420 | INFO | django.server | "GET /media/analyzed/2026/03/06/AC778KP_Ho2vUQX_annotated.jpg HTTP/1.1" 200 164395
2026-03-06 09:40:48,298 | INFO | django.server | "GET /image-analysis/ HTTP/1.1" 200 20371
2026-03-06 09:41:23,480 | INFO | plate_detector | analyze_image START | image=C:\Users\tomas\OneDrive\Documentos\vscodepy\LectorFinal\media\analyzed\2026\03\06\WhatsApp_Image_2025-10-22_at_17.28.02_1.jpeg
2026-03-06 09:41:24,397 | INFO | plate_detector | process_image | candidates=8
2026-03-06 09:41:27,558 | INFO | plate_detector | process_image SUMMARY | plates=0 | discarded_prefilter=8 | discarded_invalid=0
2026-03-06 09:41:27,558 | INFO | plate_detector | analyze_image DONE | image=C:\Users\tomas\OneDrive\Documentos\vscodepy\LectorFinal\media\analyzed\2026\03\06\WhatsApp_Image_2025-10-22_at_17.28.02_1.jpeg | plates=0 | candidates=8 | elapsed=4.08s
2026-03-06 09:41:27,626 | INFO | django.server | "POST /upload-analyze/ HTTP/1.1" 302 0
2026-03-06 09:41:27,653 | INFO | django.server | "GET /image-analysis/ HTTP/1.1" 200 22046
2026-03-06 09:41:41,200 | INFO | plate_detector | analyze_image START | image=C:\Users\tomas\OneDrive\Documentos\vscodepy\LectorFinal\media\analyzed\2026\03\06\WhatsApp_Image_2025-10-24_at_18.33.38_1.jpeg
2026-03-06 09:41:41,907 | INFO | plate_detector | process_image | candidates=4
2026-03-06 09:41:43,313 | INFO | plate_detector | process_image SUMMARY | plates=0 | discarded_prefilter=4 | discarded_invalid=0
2026-03-06 09:41:43,313 | INFO | plate_detector | analyze_image DONE | image=C:\Users\tomas\OneDrive\Documentos\vscodepy\LectorFinal\media\analyzed\2026\03\06\WhatsApp_Image_2025-10-24_at_18.33.38_1.jpeg | plates=0 | candidates=4 | elapsed=2.11s
2026-03-06 09:41:43,346 | INFO | django.server | "POST /upload-analyze/ HTTP/1.1" 302 0
2026-03-06 09:41:43,368 | INFO | django.server | "GET /image-analysis/ HTTP/1.1" 200 23388
2026-03-06 09:41:53,027 | INFO | plate_detector | analyze_image START | image=C:\Users\tomas\OneDrive\Documentos\vscodepy\LectorFinal\media\analyzed\2026\03\06\WhatsApp_Image_2025-10-24_at_18.33.38.jpeg
2026-03-06 09:41:53,635 | INFO | plate_detector | process_image | candidates=7
2026-03-06 09:42:08,680 | INFO | plate_detector | process_image SUMMARY | plates=1 | discarded_prefilter=6 | discarded_invalid=0
2026-03-06 09:42:08,680 | INFO | plate_detector | analyze_image DONE | image=C:\Users\tomas\OneDrive\Documentos\vscodepy\LectorFinal\media\analyzed\2026\03\06\WhatsApp_Image_2025-10-24_at_18.33.38.jpeg | plates=1 | candidates=7 | elapsed=15.65s
2026-03-06 09:42:08,715 | INFO | django.server | "POST /upload-analyze/ HTTP/1.1" 302 0
2026-03-06 09:42:08,740 | INFO | django.server | "GET /image-analysis/ HTTP/1.1" 200 24886
2026-03-06 09:42:11,422 | INFO | django.server | "GET /analysis/33/ HTTP/1.1" 200 20511
2026-03-06 09:42:11,481 | INFO | django.server | "GET /media/analyzed/2026/03/06/WhatsApp_Image_2025-10-24_at_18.33.38.jpeg HTTP/1.1" 200 95947
2026-03-06 09:42:11,537 | INFO | django.server | "GET /media/analyzed/2026/03/06/WhatsApp_Image_2025-10-24_at_18.33.38_annotated.jpeg HTTP/1.1" 200 129527
2026-03-06 09:42:19,032 | INFO | django.server | "GET /image-analysis/ HTTP/1.1" 200 24573
2026-03-06 09:42:31,654 | INFO | plate_detector | analyze_image START | image=C:\Users\tomas\OneDrive\Documentos\vscodepy\LectorFinal\media\analyzed\2026\03\06\WhatsApp_Image_2025-10-23_at_13.14.05.jpeg
2026-03-06 09:42:32,366 | INFO | plate_detector | process_image | candidates=2
2026-03-06 09:42:44,954 | INFO | plate_detector | process_image SUMMARY | plates=1 | discarded_prefilter=1 | discarded_invalid=0
2026-03-06 09:42:44,954 | INFO | plate_detector | analyze_image DONE | image=C:\Users\tomas\OneDrive\Documentos\vscodepy\LectorFinal\media\analyzed\2026\03\06\WhatsApp_Image_2025-10-23_at_13.14.05.jpeg | plates=1 | candidates=2 | elapsed=13.30s
2026-03-06 09:42:44,996 | INFO | django.server | "POST /upload-analyze/ HTTP/1.1" 302 0
2026-03-06 09:42:45,033 | INFO | django.server | "GET /image-analysis/ HTTP/1.1" 200 26404
2026-03-06 09:42:49,404 | INFO | django.server | "GET /analysis/34/ HTTP/1.1" 200 20509
2026-03-06 09:42:49,478 | INFO | django.server | "GET /media/analyzed/2026/03/06/WhatsApp_Image_2025-10-23_at_13.14.05.jpeg HTTP/1.1" 200 104036
2026-03-06 09:42:49,510 | INFO | django.server | "GET /media/analyzed/2026/03/06/WhatsApp_Image_2025-10-23_at_13.14.05_annotated.jpeg HTTP/1.1" 200 146666
2026-03-06 09:42:55,323 | INFO | django.server | "GET /image-analysis/ HTTP/1.1" 200 26090
2026-03-06 09:42:57,867 | INFO | django.server | "GET /analysis/29/ HTTP/1.1" 200 20873
2026-03-06 09:42:57,941 | INFO | django.server | "GET /media/analyzed/2026/03/06/AB123CD_dg90afR.jpg HTTP/1.1" 304 0
2026-03-06 09:42:57,947 | INFO | django.server | "GET /media/analyzed/2026/03/06/AB123CD_dg90afR_annotated.jpg HTTP/1.1" 304 0
2026-03-06 09:44:05,854 | INFO | plate_detector | analyze_image START | image=C:\Users\tomas\OneDrive\Documentos\vscodepy\LectorFinal\media\analyzed\2026\03\06\GAS508.jpg
2026-03-06 09:44:06,486 | INFO | plate_detector | process_image | candidates=4
2026-03-06 09:44:45,258 | INFO | plate_detector | process_image SUMMARY | plates=2 | discarded_prefilter=2 | discarded_invalid=0
2026-03-06 09:44:45,258 | INFO | plate_detector | analyze_image DONE | image=C:\Users\tomas\OneDrive\Documentos\vscodepy\LectorFinal\media\analyzed\2026\03\06\GAS508.jpg | plates=2 | candidates=4 | elapsed=39.40s
2026-03-06 09:44:45,307 | INFO | django.server | "POST /upload-analyze/ HTTP/1.1" 302 0
2026-03-06 09:44:45,370 | INFO | django.server | "GET /image-analysis/ HTTP/1.1" 200 27892
2026-03-06 09:45:33,523 | INFO | django.server | "GET /analysis/35/ HTTP/1.1" 200 20799
2026-03-06 09:45:33,592 | INFO | django.server | "GET /media/analyzed/2026/03/06/GAS508.jpg HTTP/1.1" 200 61862
2026-03-06 09:45:33,642 | INFO | django.server | "GET /media/analyzed/2026/03/06/GAS508_annotated.jpg HTTP/1.1" 200 153808
2026-03-06 09:46:00,861 | INFO | django.server | "GET /media/analyzed/2026/03/06/GAS508_annotated.jpg HTTP/1.1" 304 0
2026-03-06 09:46:12,647 | INFO | django.server | "GET /image-analysis/ HTTP/1.1" 200 27579
2026-03-06 09:46:14,088 | INFO | django.server | "GET /plates/ HTTP/1.1" 200 43661
2026-03-06 09:46:14,156 | INFO | django.server | "GET /media/analyzed/2026/03/06/GAS508.jpg HTTP/1.1" 304 0
2026-03-06 09:46:14,162 | INFO | django.server | "GET /media/analyzed/2026/03/06/WhatsApp_Image_2025-10-23_at_13.14.05.jpeg HTTP/1.1" 304 0
2026-03-06 09:46:14,174 | INFO | django.server | "GET /media/analyzed/2026/03/06/WhatsApp_Image_2025-10-24_at_18.33.38.jpeg HTTP/1.1" 304 0
2026-03-06 09:46:14,182 | INFO | django.server | "GET /media/analyzed/2026/03/06/AC778KP_Ho2vUQX.jpg HTTP/1.1" 304 0
2026-03-06 09:46:14,184 | INFO | django.server | "GET /media/analyzed/2026/03/06/AB123CD_dg90afR.jpg HTTP/1.1" 304 0
2026-03-06 09:46:28,872 | INFO | django.server | "GET /vehicles/ HTTP/1.1" 200 13175
2026-03-06 09:46:30,439 | INFO | django.server | "GET /plates/ HTTP/1.1" 200 43661
2026-03-06 09:46:30,503 | INFO | django.server | "GET /media/analyzed/2026/03/06/GAS508.jpg HTTP/1.1" 304 0
2026-03-06 09:46:32,482 | INFO | django.server | "GET /image-analysis/ HTTP/1.1" 200 27579
2026-03-06 09:46:33,531 | INFO | django.server | "GET /dashboard/ HTTP/1.1" 200 45874
2026-03-06 09:46:33,603 | INFO | django.server | "GET /media/analyzed/2026/03/06/WhatsApp_Image_2025-10-24_at_18.33.38_1.jpeg HTTP/1.1" 200 77240
2026-03-06 09:46:33,615 | INFO | django.server | "GET /media/analyzed/2026/03/06/WhatsApp_Image_2025-10-22_at_17.28.02_1.jpeg HTTP/1.1" 200 250000
2026-03-06 09:47:47,718 | INFO | django.server | "GET /image-analysis/ HTTP/1.1" 200 27579
2026-03-06 09:47:51,135 | INFO | plate_detector | analyze_image START | image=C:\Users\tomas\OneDrive\Documentos\vscodepy\LectorFinal\media\analyzed\2026\03\06\WhatsApp_Image_2026-03-06_at_09.12.22.jpeg
2026-03-06 09:47:51,748 | INFO | plate_detector | process_image | candidates=1
2026-03-06 09:47:52,247 | INFO | plate_detector | process_image SUMMARY | plates=0 | discarded_prefilter=1 | discarded_invalid=0
2026-03-06 09:47:52,247 | INFO | plate_detector | analyze_image DONE | image=C:\Users\tomas\OneDrive\Documentos\vscodepy\LectorFinal\media\analyzed\2026\03\06\WhatsApp_Image_2026-03-06_at_09.12.22.jpeg | plates=0 | candidates=1 | elapsed=1.11s
2026-03-06 09:47:52,298 | INFO | django.server | "POST /upload-analyze/ HTTP/1.1" 302 0
2026-03-06 09:47:52,324 | INFO | django.server | "GET /image-analysis/ HTTP/1.1" 200 27930
2026-03-06 09:47:59,209 | INFO | django.server | "GET /analysis/36/ HTTP/1.1" 200 19677
2026-03-06 09:47:59,273 | INFO | django.server | "GET /media/analyzed/2026/03/06/WhatsApp_Image_2026-03-06_at_09.12.22.jpeg HTTP/1.1" 200 72064
2026-03-06 09:47:59,332 | INFO | django.server | "GET /media/analyzed/2026/03/06/WhatsApp_Image_2026-03-06_at_09.12.22_annotated.jpeg HTTP/1.1" 200 141843
2026-03-06 09:48:04,698 | INFO | django.server | "GET /image-analysis/ HTTP/1.1" 200 27598
2026-03-06 09:48:28,531 | INFO | plate_detector | analyze_image START | image=C:\Users\tomas\OneDrive\Documentos\vscodepy\LectorFinal\media\analyzed\2026\03\06\WhatsApp_Image_2026-03-05_at_17.36.17.jpeg
2026-03-06 09:48:29,474 | INFO | plate_detector | process_image | candidates=7
2026-03-06 09:48:32,129 | INFO | plate_detector | process_image SUMMARY | plates=0 | discarded_prefilter=7 | discarded_invalid=0
2026-03-06 09:48:32,129 | INFO | plate_detector | analyze_image DONE | image=C:\Users\tomas\OneDrive\Documentos\vscodepy\LectorFinal\media\analyzed\2026\03\06\WhatsApp_Image_2026-03-05_at_17.36.17.jpeg | plates=0 | candidates=7 | elapsed=3.60s
2026-03-06 09:48:32,212 | INFO | django.server | "POST /upload-analyze/ HTTP/1.1" 302 0
2026-03-06 09:48:32,240 | INFO | django.server | "GET /image-analysis/ HTTP/1.1" 200 27766
2026-03-06 09:48:34,258 | INFO | django.server | "GET /analysis/37/ HTTP/1.1" 200 19678
2026-03-06 09:48:34,368 | INFO | django.server | "GET /media/analyzed/2026/03/06/WhatsApp_Image_2026-03-05_at_17.36.17.jpeg HTTP/1.1" 200 326045
2026-03-06 09:48:34,401 | INFO | django.server | "GET /media/analyzed/2026/03/06/WhatsApp_Image_2026-03-05_at_17.36.17_annotated.jpeg HTTP/1.1" 200 606660
2026-03-06 09:49:08,509 | INFO | django.server | "GET /image-analysis/ HTTP/1.1" 200 27433
2026-03-06 09:49:11,129 | INFO | plate_detector | analyze_image START | image=C:\Users\tomas\OneDrive\Documentos\vscodepy\LectorFinal\media\analyzed\2026\03\06\WhatsApp_Image_2026-03-05_at_17_OAvzSNa.36.17.jpeg
2026-03-06 09:49:12,293 | INFO | plate_detector | process_image | candidates=7
2026-03-06 09:49:35,318 | INFO | plate_detector | process_image SUMMARY | plates=1 | discarded_prefilter=6 | discarded_invalid=0
2026-03-06 09:49:35,318 | INFO | plate_detector | analyze_image DONE | image=C:\Users\tomas\OneDrive\Documentos\vscodepy\LectorFinal\media\analyzed\2026\03\06\WhatsApp_Image_2026-03-05_at_17_OAvzSNa.36.17.jpeg | plates=1 | candidates=7 | elapsed=24.19s
2026-03-06 09:49:35,356 | INFO | django.server | "POST /upload-analyze/ HTTP/1.1" 302 0
2026-03-06 09:49:35,383 | INFO | django.server | "GET /image-analysis/ HTTP/1.1" 200 27937
2026-03-06 09:49:38,721 | INFO | django.server | "GET /analysis/38/ HTTP/1.1" 200 20569
2026-03-06 09:49:38,792 | INFO | django.server | "GET /media/analyzed/2026/03/06/WhatsApp_Image_2026-03-05_at_17_OAvzSNa.36.17.jpeg HTTP/1.1" 200 207564
2026-03-06 09:49:38,840 | INFO | django.server | "GET /media/analyzed/2026/03/06/WhatsApp_Image_2026-03-05_at_17_OAvzSNa.36.17_annotated.jpeg HTTP/1.1" 200 288939
2026-03-06 09:49:45,458 | INFO | django.server | "GET /image-analysis/ HTTP/1.1" 200 27624
2026-03-06 09:50:27,473 | INFO | django.utils.autoreload | C:\Users\tomas\OneDrive\Documentos\vscodepy\LectorFinal\plate_detector\services.py changed, reloading.
2026-03-06 09:50:31,715 | INFO | django.utils.autoreload | Watching for file changes with StatReloader
2026-03-06 09:51:28,555 | INFO | django.utils.autoreload | C:\Users\tomas\OneDrive\Documentos\vscodepy\LectorFinal\plate_detector\services.py changed, reloading.
2026-03-06 09:51:30,904 | INFO | django.utils.autoreload | Watching for file changes with StatReloader
2026-03-06 09:52:04,875 | INFO | django.utils.autoreload | C:\Users\tomas\OneDrive\Documentos\vscodepy\LectorFinal\plate_detector\services.py changed, reloading.
2026-03-06 09:52:06,834 | INFO | django.utils.autoreload | Watching for file changes with StatReloader
2026-03-06 09:52:15,665 | INFO | django.utils.autoreload | C:\Users\tomas\OneDrive\Documentos\vscodepy\LectorFinal\plate_detector\services.py changed, reloading.
2026-03-06 09:52:17,238 | INFO | django.utils.autoreload | Watching for file changes with StatReloader
2026-03-06 09:52:20,861 | INFO | django.utils.autoreload | C:\Users\tomas\OneDrive\Documentos\vscodepy\LectorFinal\plate_detector\services.py changed, reloading.
2026-03-06 09:52:22,616 | INFO | django.utils.autoreload | Watching for file changes with StatReloader
2026-03-06 09:52:32,447 | INFO | django.utils.autoreload | C:\Users\tomas\OneDrive\Documentos\vscodepy\LectorFinal\plate_detector\services.py changed, reloading.
2026-03-06 09:52:34,023 | INFO | django.utils.autoreload | Watching for file changes with StatReloader
2026-03-06 09:53:28,240 | INFO | django.utils.autoreload | C:\Users\tomas\OneDrive\Documentos\vscodepy\LectorFinal\plate_detector\services.py changed, reloading.
2026-03-06 09:53:30,283 | INFO | django.utils.autoreload | Watching for file changes with StatReloader
2026-03-06 09:53:33,286 | INFO | django.utils.autoreload | C:\Users\tomas\OneDrive\Documentos\vscodepy\LectorFinal\plate_detector\services.py changed, reloading.
2026-03-06 09:53:34,819 | INFO | django.utils.autoreload | Watching for file changes with StatReloader
2026-03-06 09:53:49,407 | INFO | django.server | "GET /image-analysis/ HTTP/1.1" 200 27631
2026-03-06 09:53:56,559 | INFO | plate_detector | analyze_image START | image=C:\Users\tomas\OneDrive\Documentos\vscodepy\LectorFinal\media\analyzed\2026\03\06\AB123CD_Fd7TzvE.jpg
2026-03-06 09:54:05,164 | INFO | plate_detector | process_image | candidates=8
2026-03-06 09:54:11,411 | WARNING | easyocr.easyocr | Using CPU. Note: This module is much faster with a GPU.
2026-03-06 09:54:53,194 | INFO | plate_detector | process_image SUMMARY | plates=2 | discarded_prefilter=6 | discarded_invalid=0
2026-03-06 09:54:53,209 | INFO | plate_detector | analyze_image DONE | image=C:\Users\tomas\OneDrive\Documentos\vscodepy\LectorFinal\media\analyzed\2026\03\06\AB123CD_Fd7TzvE.jpg | plates=2 | candidates=8 | elapsed=56.65s
2026-03-06 09:54:53,323 | INFO | django.server | "POST /upload-analyze/ HTTP/1.1" 302 0
2026-03-06 09:54:53,372 | INFO | django.server | "GET /image-analysis/ HTTP/1.1" 200 27944
2026-03-06 09:54:55,364 | INFO | django.server | "GET /analysis/39/ HTTP/1.1" 200 20873
2026-03-06 09:54:55,670 | INFO | django.server | "GET /media/analyzed/2026/03/06/AB123CD_Fd7TzvE.jpg HTTP/1.1" 200 91160
2026-03-06 09:54:55,703 | INFO | django.server | "GET /media/analyzed/2026/03/06/AB123CD_Fd7TzvE_annotated.jpg HTTP/1.1" 200 286739
2026-03-06 09:56:02,841 | INFO | django.utils.autoreload | C:\Users\tomas\OneDrive\Documentos\vscodepy\LectorFinal\plate_detector\services.py changed, reloading.
2026-03-06 09:56:06,604 | INFO | django.utils.autoreload | Watching for file changes with StatReloader
2026-03-06 09:56:08,919 | INFO | django.utils.autoreload | C:\Users\tomas\OneDrive\Documentos\vscodepy\LectorFinal\plate_detector\services.py changed, reloading.
2026-03-06 09:56:10,362 | INFO | django.utils.autoreload | Watching for file changes with StatReloader
2026-03-06 09:56:19,445 | INFO | django.server | "GET /image-analysis/ HTTP/1.1" 200 27631
2026-03-06 09:56:26,818 | INFO | plate_detector | analyze_image START | image=C:\Users\tomas\OneDrive\Documentos\vscodepy\LectorFinal\media\analyzed\2026\03\06\AB123CD_a80hSmI.jpg
2026-03-06 09:56:33,429 | INFO | plate_detector | process_image | candidates=8
2026-03-06 09:56:38,759 | WARNING | easyocr.easyocr | Using CPU. Note: This module is much faster with a GPU.
2026-03-06 09:57:14,851 | INFO | plate_detector | process_image SUMMARY | plates=2 | discarded_prefilter=6 | discarded_invalid=0
2026-03-06 09:57:14,851 | INFO | plate_detector | analyze_image DONE | image=C:\Users\tomas\OneDrive\Documentos\vscodepy\LectorFinal\media\analyzed\2026\03\06\AB123CD_a80hSmI.jpg | plates=2 | candidates=8 | elapsed=48.03s
2026-03-06 09:57:14,912 | INFO | django.server | "POST /upload-analyze/ HTTP/1.1" 302 0
2026-03-06 09:57:14,937 | INFO | django.server | "GET /image-analysis/ HTTP/1.1" 200 27943
2026-03-06 09:57:19,495 | INFO | django.server | "GET /analysis/40/ HTTP/1.1" 200 20873
2026-03-06 09:57:19,791 | INFO | django.server | "GET /media/analyzed/2026/03/06/AB123CD_a80hSmI.jpg HTTP/1.1" 200 91160
2026-03-06 09:57:19,814 | INFO | django.server | "GET /media/analyzed/2026/03/06/AB123CD_a80hSmI_annotated.jpg HTTP/1.1" 200 286739
2026-03-06 09:57:36,374 | INFO | django.server | "GET /image-analysis/ HTTP/1.1" 200 27629
2026-03-06 09:57:41,675 | INFO | django.server | "GET /analysis/34/ HTTP/1.1" 200 20509
2026-03-06 09:57:41,746 | INFO | django.server | "GET /media/analyzed/2026/03/06/WhatsApp_Image_2025-10-23_at_13.14.05.jpeg HTTP/1.1" 304 0
2026-03-06 09:57:41,753 | INFO | django.server | "GET /media/analyzed/2026/03/06/WhatsApp_Image_2025-10-23_at_13.14.05_annotated.jpeg HTTP/1.1" 304 0
2026-03-06 09:57:52,342 | INFO | django.server | "GET /analysis/33/ HTTP/1.1" 200 20511
2026-03-06 09:57:52,427 | INFO | django.server | "GET /media/analyzed/2026/03/06/WhatsApp_Image_2025-10-24_at_18.33.38.jpeg HTTP/1.1" 304 0
2026-03-06 09:57:52,437 | INFO | django.server | "GET /media/analyzed/2026/03/06/WhatsApp_Image_2025-10-24_at_18.33.38_annotated.jpeg HTTP/1.1" 304 0
2026-03-06 09:58:06,829 | INFO | django.server | "GET /analysis/38/ HTTP/1.1" 200 20569
2026-03-06 09:58:06,903 | INFO | django.server | "GET /media/analyzed/2026/03/06/WhatsApp_Image_2026-03-05_at_17_OAvzSNa.36.17.jpeg HTTP/1.1" 304 0
2026-03-06 09:58:06,909 | INFO | django.server | "GET /media/analyzed/2026/03/06/WhatsApp_Image_2026-03-05_at_17_OAvzSNa.36.17_annotated.jpeg HTTP/1.1" 304 0
2026-03-06 09:58:33,024 | INFO | plate_detector | analyze_image START | image=C:\Users\tomas\OneDrive\Documentos\vscodepy\LectorFinal\media\analyzed\2026\03\06\AA021ID.jpg
2026-03-06 09:58:34,289 | INFO | plate_detector | process_image | candidates=4
2026-03-06 09:58:48,513 | INFO | plate_detector | process_image SUMMARY | plates=1 | discarded_prefilter=3 | discarded_invalid=0
2026-03-06 09:58:48,513 | INFO | plate_detector | analyze_image DONE | image=C:\Users\tomas\OneDrive\Documentos\vscodepy\LectorFinal\media\analyzed\2026\03\06\AA021ID.jpg | plates=1 | candidates=4 | elapsed=15.49s
2026-03-06 09:58:48,586 | INFO | django.server | "POST /upload-analyze/ HTTP/1.1" 302 0
2026-03-06 09:58:48,612 | INFO | django.server | "GET /image-analysis/ HTTP/1.1" 200 28088
2026-03-06 09:58:53,922 | INFO | django.server | "GET /analysis/41/ HTTP/1.1" 200 20262
2026-03-06 09:58:54,020 | INFO | django.server | "GET /media/analyzed/2026/03/06/AA021ID.jpg HTTP/1.1" 200 358112
2026-03-06 09:58:54,110 | INFO | django.server | "GET /media/analyzed/2026/03/06/AA021ID_annotated.jpg HTTP/1.1" 200 498319
2026-03-06 09:58:58,871 | INFO | django.server | "GET /image-analysis/ HTTP/1.1" 200 27775
2026-03-06 09:59:07,645 | INFO | plate_detector | analyze_image START | image=C:\Users\tomas\OneDrive\Documentos\vscodepy\LectorFinal\media\analyzed\2026\03\06\AE486WE.jpg
2026-03-06 09:59:08,379 | INFO | plate_detector | process_image | candidates=1
2026-03-06 09:59:24,056 | INFO | plate_detector | process_image SUMMARY | plates=1 | discarded_prefilter=0 | discarded_invalid=0
2026-03-06 09:59:24,056 | INFO | plate_detector | analyze_image DONE | image=C:\Users\tomas\OneDrive\Documentos\vscodepy\LectorFinal\media\analyzed\2026\03\06\AE486WE.jpg | plates=1 | candidates=1 | elapsed=16.41s
2026-03-06 09:59:24,084 | INFO | django.server | "POST /upload-analyze/ HTTP/1.1" 302 0
2026-03-06 09:59:24,125 | INFO | django.server | "GET /image-analysis/ HTTP/1.1" 200 28226
2026-03-06 09:59:26,429 | INFO | django.server | "GET /analysis/42/ HTTP/1.1" 200 20254
2026-03-06 09:59:26,507 | INFO | django.server | "GET /media/analyzed/2026/03/06/AE486WE.jpg HTTP/1.1" 200 9385
2026-03-06 09:59:26,572 | INFO | django.server | "GET /media/analyzed/2026/03/06/AE486WE_annotated.jpg HTTP/1.1" 200 23871
2026-03-06 09:59:30,767 | INFO | django.server | "GET /image-analysis/ HTTP/1.1" 200 27913
2026-03-06 09:59:39,580 | INFO | plate_detector | analyze_image START | image=C:\Users\tomas\OneDrive\Documentos\vscodepy\LectorFinal\media\analyzed\2026\03\06\GAY044.jpg
2026-03-06 09:59:39,617 | ERROR | plate_detector | No se pudo cargar la imagen | image=C:\Users\tomas\OneDrive\Documentos\vscodepy\LectorFinal\media\analyzed\2026\03\06\GAY044.jpg
2026-03-06 09:59:39,647 | INFO | django.server | "POST /upload-analyze/ HTTP/1.1" 302 0
2026-03-06 09:59:39,696 | INFO | django.server | "GET /image-analysis/ HTTP/1.1" 200 28212
2026-03-06 09:59:52,783 | INFO | plate_detector | analyze_image START | image=C:\Users\tomas\OneDrive\Documentos\vscodepy\LectorFinal\media\analyzed\2026\03\06\ORT000.jpg
2026-03-06 09:59:53,293 | INFO | plate_detector | process_image | candidates=5
2026-03-06 09:59:56,098 | INFO | plate_detector | process_image SUMMARY | plates=0 | discarded_prefilter=5 | discarded_invalid=0
2026-03-06 09:59:56,098 | INFO | plate_detector | analyze_image DONE | image=C:\Users\tomas\OneDrive\Documentos\vscodepy\LectorFinal\media\analyzed\2026\03\06\ORT000.jpg | plates=0 | candidates=5 | elapsed=3.31s
2026-03-06 09:59:56,122 | INFO | django.server | "POST /upload-analyze/ HTTP/1.1" 302 0
2026-03-06 09:59:56,154 | INFO | django.server | "GET /image-analysis/ HTTP/1.1" 200 28035
2026-03-06 10:00:32,568 | INFO | plate_detector | analyze_image START | image=C:\Users\tomas\OneDrive\Documentos\vscodepy\LectorFinal\media\analyzed\2026\03\06\AF354NU.jpg
2026-03-06 10:00:33,102 | INFO | plate_detector | process_image | candidates=2
2026-03-06 10:00:43,937 | INFO | plate_detector | process_image SUMMARY | plates=1 | discarded_prefilter=1 | discarded_invalid=0
2026-03-06 10:00:43,937 | INFO | plate_detector | analyze_image DONE | image=C:\Users\tomas\OneDrive\Documentos\vscodepy\LectorFinal\media\analyzed\2026\03\06\AF354NU.jpg | plates=1 | candidates=2 | elapsed=11.37s
2026-03-06 10:00:43,973 | INFO | django.server | "POST /upload-analyze/ HTTP/1.1" 302 0
2026-03-06 10:00:43,998 | INFO | django.server | "GET /image-analysis/ HTTP/1.1" 200 27984
2026-03-06 10:01:10,195 | INFO | django.server | "GET /analysis/45/ HTTP/1.1" 200 20264
2026-03-06 10:01:10,262 | INFO | django.server | "GET /media/analyzed/2026/03/06/AF354NU.jpg HTTP/1.1" 200 7665
2026-03-06 10:01:10,326 | INFO | django.server | "GET /media/analyzed/2026/03/06/AF354NU_annotated.jpg HTTP/1.1" 200 19970
2026-03-06 10:01:27,473 | INFO | django.server | "GET /image-analysis/ HTTP/1.1" 200 27671
2026-03-06 10:01:38,357 | INFO | plate_detector | analyze_image START | image=C:\Users\tomas\OneDrive\Documentos\vscodepy\LectorFinal\media\analyzed\2026\03\06\AB803SX.jpg
2026-03-06 10:01:38,939 | INFO | plate_detector | process_image | candidates=2
2026-03-06 10:01:59,157 | INFO | plate_detector | process_image SUMMARY | plates=1 | discarded_prefilter=1 | discarded_invalid=0
2026-03-06 10:01:59,159 | INFO | plate_detector | analyze_image DONE | image=C:\Users\tomas\OneDrive\Documentos\vscodepy\LectorFinal\media\analyzed\2026\03\06\AB803SX.jpg | plates=1 | candidates=2 | elapsed=20.80s
2026-03-06 10:01:59,190 | INFO | django.server | "POST /upload-analyze/ HTTP/1.1" 302 0
2026-03-06 10:01:59,215 | INFO | django.server | "GET /image-analysis/ HTTP/1.1" 200 27986
2026-03-06 10:02:03,024 | INFO | django.server | "GET /analysis/46/ HTTP/1.1" 200 20265
2026-03-06 10:02:03,135 | INFO | django.server | "GET /media/analyzed/2026/03/06/AB803SX.jpg HTTP/1.1" 200 10319
2026-03-06 10:02:03,192 | INFO | django.server | "GET /media/analyzed/2026/03/06/AB803SX_annotated.jpg HTTP/1.1" 200 27625
2026-03-06 10:02:19,886 | INFO | django.server | "GET /image-analysis/ HTTP/1.1" 200 27673
2026-03-06 10:02:28,693 | INFO | plate_detector | analyze_image START | image=C:\Users\tomas\OneDrive\Documentos\vscodepy\LectorFinal\media\analyzed\2026\03\06\patente-argentina-vieja-1.jpg
2026-03-06 10:02:29,576 | INFO | plate_detector | process_image | candidates=0
2026-03-06 10:02:29,576 | INFO | plate_detector | process_image SUMMARY | plates=0 | discarded_prefilter=0 | discarded_invalid=0
2026-03-06 10:02:29,576 | INFO | plate_detector | analyze_image DONE | image=C:\Users\tomas\OneDrive\Documentos\vscodepy\LectorFinal\media\analyzed\2026\03\06\patente-argentina-vieja-1.jpg | plates=0 | candidates=0 | elapsed=0.88s
2026-03-06 10:02:29,614 | INFO | django.server | "POST /upload-analyze/ HTTP/1.1" 302 0
2026-03-06 10:02:29,665 | INFO | django.server | "GET /image-analysis/ HTTP/1.1" 200 27991
2026-03-06 10:02:44,926 | INFO | plate_detector | analyze_image START | image=C:\Users\tomas\OneDrive\Documentos\vscodepy\LectorFinal\media\analyzed\2026\03\06\recall-patente-mercosurjpg.webp
2026-03-06 10:02:45,447 | INFO | plate_detector | process_image | candidates=0
2026-03-06 10:02:45,447 | INFO | plate_detector | process_image SUMMARY | plates=0 | discarded_prefilter=0 | discarded_invalid=0
2026-03-06 10:02:45,447 | INFO | plate_detector | analyze_image DONE | image=C:\Users\tomas\OneDrive\Documentos\vscodepy\LectorFinal\media\analyzed\2026\03\06\recall-patente-mercosurjpg.webp | plates=0 | candidates=0 | elapsed=0.52s
2026-03-06 10:02:46,196 | INFO | django.server | "POST /upload-analyze/ HTTP/1.1" 302 0
2026-03-06 10:02:46,221 | INFO | django.server | "GET /image-analysis/ HTTP/1.1" 200 27979
2026-03-06 10:02:58,451 | INFO | plate_detector | analyze_image START | image=C:\Users\tomas\OneDrive\Documentos\vscodepy\LectorFinal\media\analyzed\2026\03\06\TITO-Patente-02.jpg
2026-03-06 10:02:59,032 | INFO | plate_detector | process_image | candidates=1
2026-03-06 10:03:10,716 | INFO | plate_detector | process_image SUMMARY | plates=1 | discarded_prefilter=0 | discarded_invalid=0
2026-03-06 10:03:10,716 | INFO | plate_detector | analyze_image DONE | image=C:\Users\tomas\OneDrive\Documentos\vscodepy\LectorFinal\media\analyzed\2026\03\06\TITO-Patente-02.jpg | plates=1 | candidates=1 | elapsed=12.26s
2026-03-06 10:03:10,758 | INFO | django.server | "POST /upload-analyze/ HTTP/1.1" 302 0
2026-03-06 10:03:10,784 | INFO | django.server | "GET /image-analysis/ HTTP/1.1" 200 27928
2026-03-06 10:03:14,909 | INFO | django.server | "GET /analysis/49/ HTTP/1.1" 200 20325
2026-03-06 10:03:15,000 | INFO | django.server | "GET /media/analyzed/2026/03/06/TITO-Patente-02.jpg HTTP/1.1" 200 107799
2026-03-06 10:03:15,043 | INFO | django.server | "GET /media/analyzed/2026/03/06/TITO-Patente-02_annotated.jpg HTTP/1.1" 200 164901
2026-03-06 10:03:24,844 | INFO | django.server | "GET /image-analysis/ HTTP/1.1" 200 27615
2026-03-06 10:05:36,537 | INFO | django.utils.autoreload | C:\Users\tomas\OneDrive\Documentos\vscodepy\LectorFinal\plate_detector\services.py changed, reloading.
2026-03-06 10:05:39,964 | INFO | django.utils.autoreload | Watching for file changes with StatReloader
2026-03-06 10:06:33,392 | INFO | django.utils.autoreload | C:\Users\tomas\OneDrive\Documentos\vscodepy\LectorFinal\plate_detector\services.py changed, reloading.
2026-03-06 10:06:35,096 | INFO | django.utils.autoreload | Watching for file changes with StatReloader
2026-03-06 10:06:37,514 | INFO | django.utils.autoreload | C:\Users\tomas\OneDrive\Documentos\vscodepy\LectorFinal\plate_detector\services.py changed, reloading.
2026-03-06 10:06:39,142 | INFO | django.utils.autoreload | Watching for file changes with StatReloader
2026-03-06 10:07:00,491 | INFO | django.utils.autoreload | C:\Users\tomas\OneDrive\Documentos\vscodepy\LectorFinal\plate_detector\services.py changed, reloading.
2026-03-06 10:07:01,886 | INFO | django.utils.autoreload | Watching for file changes with StatReloader
2026-03-06 10:07:32,259 | INFO | plate_detector | analyze_image START | image=C:\Users\tomas\OneDrive\Documentos\vscodepy\LectorFinal\media\analyzed\2026\03\06\GAS508_bbEG6wP.jpg
2026-03-06 10:07:37,885 | INFO | plate_detector | process_image | candidates=4
2026-03-06 10:07:42,479 | WARNING | easyocr.easyocr | Using CPU. Note: This module is much faster with a GPU.
2026-03-06 10:08:00,509 | INFO | plate_detector | process_image SUMMARY | plates=1 | discarded_prefilter=3 | discarded_invalid=0
2026-03-06 10:08:00,511 | INFO | plate_detector | analyze_image DONE | image=C:\Users\tomas\OneDrive\Documentos\vscodepy\LectorFinal\media\analyzed\2026\03\06\GAS508_bbEG6wP.jpg | plates=1 | candidates=4 | elapsed=28.25s
2026-03-06 10:08:00,577 | INFO | django.server | "POST /upload-analyze/ HTTP/1.1" 302 0
2026-03-06 10:08:00,635 | INFO | django.server | "GET /image-analysis/ HTTP/1.1" 200 27928
2026-03-06 10:08:03,576 | INFO | django.server | "GET /analysis/50/ HTTP/1.1" 200 20319
2026-03-06 10:08:03,810 | INFO | django.server | "GET /media/analyzed/2026/03/06/GAS508_bbEG6wP.jpg HTTP/1.1" 200 61862
2026-03-06 10:08:03,843 | INFO | django.server | "GET /media/analyzed/2026/03/06/GAS508_bbEG6wP_annotated.jpg HTTP/1.1" 200 145634
2026-03-06 10:08:09,085 | INFO | django.server | "GET /image-analysis/ HTTP/1.1" 200 27615
2026-03-06 10:08:15,479 | INFO | plate_detector | analyze_image START | image=C:\Users\tomas\OneDrive\Documentos\vscodepy\LectorFinal\media\analyzed\2026\03\06\AB123CD_JZ8dD4y.jpg
2026-03-06 10:08:16,617 | INFO | plate_detector | process_image | candidates=8
2026-03-06 10:08:48,090 | INFO | plate_detector | process_image SUMMARY | plates=2 | discarded_prefilter=6 | discarded_invalid=0
2026-03-06 10:08:48,090 | INFO | plate_detector | analyze_image DONE | image=C:\Users\tomas\OneDrive\Documentos\vscodepy\LectorFinal\media\analyzed\2026\03\06\AB123CD_JZ8dD4y.jpg | plates=2 | candidates=8 | elapsed=32.61s
2026-03-06 10:08:48,151 | INFO | django.server | "POST /upload-analyze/ HTTP/1.1" 302 0
2026-03-06 10:08:48,178 | INFO | django.server | "GET /image-analysis/ HTTP/1.1" 200 27927
2026-03-06 10:08:52,732 | INFO | django.server | "GET /analysis/51/ HTTP/1.1" 200 20873
2026-03-06 10:08:52,798 | INFO | django.server | "GET /media/analyzed/2026/03/06/AB123CD_JZ8dD4y.jpg HTTP/1.1" 200 91160
2026-03-06 10:08:52,849 | INFO | django.server | "GET /media/analyzed/2026/03/06/AB123CD_JZ8dD4y_annotated.jpg HTTP/1.1" 200 286739
2026-03-06 10:09:09,599 | INFO | django.server | "GET /image-analysis/ HTTP/1.1" 200 27615
2026-03-06 10:09:17,571 | INFO | plate_detector | analyze_image START | image=C:\Users\tomas\OneDrive\Documentos\vscodepy\LectorFinal\media\analyzed\2026\03\06\AC778KP_WFbmnTv.jpg
2026-03-06 10:09:18,100 | INFO | plate_detector | process_image | candidates=5
2026-03-06 10:09:31,983 | INFO | plate_detector | process_image SUMMARY | plates=1 | discarded_prefilter=4 | discarded_invalid=0
2026-03-06 10:09:31,983 | INFO | plate_detector | analyze_image DONE | image=C:\Users\tomas\OneDrive\Documentos\vscodepy\LectorFinal\media\analyzed\2026\03\06\AC778KP_WFbmnTv.jpg | plates=1 | candidates=5 | elapsed=14.41s
2026-03-06 10:09:32,032 | INFO | django.server | "POST /upload-analyze/ HTTP/1.1" 302 0
2026-03-06 10:09:32,059 | INFO | django.server | "GET /image-analysis/ HTTP/1.1" 200 27934
2026-03-06 10:09:39,157 | INFO | django.server | "GET /analysis/52/ HTTP/1.1" 200 20329
2026-03-06 10:09:39,223 | INFO | django.server | "GET /media/analyzed/2026/03/06/AC778KP_WFbmnTv.jpg HTTP/1.1" 200 93707
2026-03-06 10:09:39,258 | INFO | django.server | "GET /media/analyzed/2026/03/06/AC778KP_WFbmnTv_annotated.jpg HTTP/1.1" 200 164395
2026-03-06 10:09:42,402 | INFO | django.server | "GET /image-analysis/ HTTP/1.1" 200 27622
2026-03-06 10:10:01,097 | INFO | plate_detector | analyze_image START | image=C:\Users\tomas\OneDrive\Documentos\vscodepy\LectorFinal\media\analyzed\2026\03\06\WhatsApp_Image_2025-10-22_at_17.28.03.jpeg
2026-03-06 10:10:01,891 | INFO | plate_detector | process_image | candidates=8
2026-03-06 10:10:05,336 | INFO | plate_detector | process_image SUMMARY | plates=0 | discarded_prefilter=8 | discarded_invalid=0
2026-03-06 10:10:05,336 | INFO | plate_detector | analyze_image DONE | image=C:\Users\tomas\OneDrive\Documentos\vscodepy\LectorFinal\media\analyzed\2026\03\06\WhatsApp_Image_2025-10-22_at_17.28.03.jpeg | plates=0 | candidates=8 | elapsed=4.24s
2026-03-06 10:10:05,418 | INFO | django.server | "POST /upload-analyze/ HTTP/1.1" 302 0
2026-03-06 10:10:05,446 | INFO | django.server | "GET /image-analysis/ HTTP/1.1" 200 27814
2026-03-06 10:10:17,773 | INFO | plate_detector | analyze_image START | image=C:\Users\tomas\OneDrive\Documentos\vscodepy\LectorFinal\media\analyzed\2026\03\06\WhatsApp_Image_2025-10-22_at_17.28.03_1.jpeg
2026-03-06 10:10:18,613 | INFO | plate_detector | process_image | candidates=7
2026-03-06 10:10:21,632 | INFO | plate_detector | process_image SUMMARY | plates=0 | discarded_prefilter=7 | discarded_invalid=0
2026-03-06 10:10:21,632 | INFO | plate_detector | analyze_image DONE | image=C:\Users\tomas\OneDrive\Documentos\vscodepy\LectorFinal\media\analyzed\2026\03\06\WhatsApp_Image_2025-10-22_at_17.28.03_1.jpeg | plates=0 | candidates=7 | elapsed=3.86s
2026-03-06 10:10:21,714 | INFO | django.server | "POST /upload-analyze/ HTTP/1.1" 302 0
2026-03-06 10:10:21,740 | INFO | django.server | "GET /image-analysis/ HTTP/1.1" 200 27847
2026-03-06 10:10:40,651 | INFO | plate_detector | analyze_image START | image=C:\Users\tomas\OneDrive\Documentos\vscodepy\LectorFinal\media\analyzed\2026\03\06\WhatsApp_Image_2025-10-22_at_17.28.02.jpeg
2026-03-06 10:10:41,576 | INFO | plate_detector | process_image | candidates=6
2026-03-06 10:10:43,943 | INFO | plate_detector | process_image SUMMARY | plates=0 | discarded_prefilter=6 | discarded_invalid=0
2026-03-06 10:10:43,945 | INFO | plate_detector | analyze_image DONE | image=C:\Users\tomas\OneDrive\Documentos\vscodepy\LectorFinal\media\analyzed\2026\03\06\WhatsApp_Image_2025-10-22_at_17.28.02.jpeg | plates=0 | candidates=6 | elapsed=3.29s
2026-03-06 10:10:44,019 | INFO | django.server | "POST /upload-analyze/ HTTP/1.1" 302 0
2026-03-06 10:10:44,051 | INFO | django.server | "GET /image-analysis/ HTTP/1.1" 200 27701
2026-03-06 10:10:53,919 | INFO | plate_detector | analyze_image START | image=C:\Users\tomas\OneDrive\Documentos\vscodepy\LectorFinal\media\analyzed\2026\03\06\WhatsApp_Image_2025-10-22_at_17.28.02_2.jpeg
2026-03-06 10:10:54,638 | INFO | plate_detector | process_image | candidates=6
2026-03-06 10:10:56,650 | INFO | plate_detector | process_image SUMMARY | plates=0 | discarded_prefilter=6 | discarded_invalid=0
2026-03-06 10:10:56,650 | INFO | plate_detector | analyze_image DONE | image=C:\Users\tomas\OneDrive\Documentos\vscodepy\LectorFinal\media\analyzed\2026\03\06\WhatsApp_Image_2025-10-22_at_17.28.02_2.jpeg | plates=0 | candidates=6 | elapsed=2.73s
2026-03-06 10:10:56,721 | INFO | django.server | "POST /upload-analyze/ HTTP/1.1" 302 0
2026-03-06 10:10:56,748 | INFO | django.server | "GET /image-analysis/ HTTP/1.1" 200 27556
2026-03-06 10:11:22,202 | INFO | plate_detector | analyze_image START | image=C:\Users\tomas\OneDrive\Documentos\vscodepy\LectorFinal\media\analyzed\2026\03\06\WhatsApp_Image_2025-10-22_at_17_OPns95m.28.02_1.jpeg
2026-03-06 10:11:23,263 | INFO | plate_detector | process_image | candidates=8
2026-03-06 10:11:26,871 | INFO | plate_detector | process_image SUMMARY | plates=0 | discarded_prefilter=8 | discarded_invalid=0
2026-03-06 10:11:26,871 | INFO | plate_detector | analyze_image DONE | image=C:\Users\tomas\OneDrive\Documentos\vscodepy\LectorFinal\media\analyzed\2026\03\06\WhatsApp_Image_2025-10-22_at_17_OPns95m.28.02_1.jpeg | plates=0 | candidates=8 | elapsed=4.67s
2026-03-06 10:11:26,951 | INFO | django.server | "POST /upload-analyze/ HTTP/1.1" 302 0
2026-03-06 10:11:26,979 | INFO | django.server | "GET /image-analysis/ HTTP/1.1" 200 27578
2026-03-06 10:11:37,201 | INFO | plate_detector | analyze_image START | image=C:\Users\tomas\OneDrive\Documentos\vscodepy\LectorFinal\media\analyzed\2026\03\06\WhatsApp_Image_2025-10-24_at_18_33ZIPqc.33.38_1.jpeg
2026-03-06 10:11:38,037 | INFO | plate_detector | process_image | candidates=4
2026-03-06 10:11:39,464 | INFO | plate_detector | process_image SUMMARY | plates=0 | discarded_prefilter=4 | discarded_invalid=0
2026-03-06 10:11:39,464 | INFO | plate_detector | analyze_image DONE | image=C:\Users\tomas\OneDrive\Documentos\vscodepy\LectorFinal\media\analyzed\2026\03\06\WhatsApp_Image_2025-10-24_at_18_33ZIPqc.33.38_1.jpeg | plates=0 | candidates=4 | elapsed=2.26s
2026-03-06 10:11:39,484 | INFO | django.server | "POST /upload-analyze/ HTTP/1.1" 302 0
2026-03-06 10:11:39,517 | INFO | django.server | "GET /image-analysis/ HTTP/1.1" 200 27599
2026-03-06 10:12:05,763 | INFO | plate_detector | analyze_image START | image=C:\Users\tomas\OneDrive\Documentos\vscodepy\LectorFinal\media\analyzed\2026\03\06\WhatsApp_Image_2025-10-24_at_18_23tEFll.33.38.jpeg
2026-03-06 10:12:06,324 | INFO | plate_detector | process_image | candidates=7
2026-03-06 10:12:21,740 | INFO | plate_detector | process_image SUMMARY | plates=1 | discarded_prefilter=6 | discarded_invalid=0
2026-03-06 10:12:21,740 | INFO | plate_detector | analyze_image DONE | image=C:\Users\tomas\OneDrive\Documentos\vscodepy\LectorFinal\media\analyzed\2026\03\06\WhatsApp_Image_2025-10-24_at_18_23tEFll.33.38.jpeg | plates=1 | candidates=7 | elapsed=15.98s
2026-03-06 10:12:21,778 | INFO | django.server | "POST /upload-analyze/ HTTP/1.1" 302 0
2026-03-06 10:12:21,807 | INFO | django.server | "GET /image-analysis/ HTTP/1.1" 200 27614
2026-03-06 10:12:51,914 | INFO | plate_detector | analyze_image START | image=C:\Users\tomas\OneDrive\Documentos\vscodepy\LectorFinal\media\analyzed\2026\03\06\auto228.jpg
2026-03-06 10:12:52,677 | INFO | plate_detector | process_image | candidates=4
2026-03-06 10:13:10,874 | INFO | plate_detector | process_image SUMMARY | plates=1 | discarded_prefilter=3 | discarded_invalid=0
2026-03-06 10:13:10,874 | INFO | plate_detector | analyze_image DONE | image=C:\Users\tomas\OneDrive\Documentos\vscodepy\LectorFinal\media\analyzed\2026\03\06\auto228.jpg | plates=1 | candidates=4 | elapsed=18.96s
2026-03-06 10:13:10,915 | INFO | django.server | "POST /upload-analyze/ HTTP/1.1" 302 0
2026-03-06 10:13:10,938 | INFO | django.server | "GET /image-analysis/ HTTP/1.1" 200 27606
2026-03-06 10:13:16,454 | INFO | django.server | "GET /analysis/60/ HTTP/1.1" 200 20263
2026-03-06 10:13:16,546 | INFO | django.server | "GET /media/analyzed/2026/03/06/auto228.jpg HTTP/1.1" 200 72168
2026-03-06 10:13:16,590 | INFO | django.server | "GET /media/analyzed/2026/03/06/auto228_annotated.jpg HTTP/1.1" 200 144008
2026-03-06 10:13:19,068 | INFO | django.server | "GET /image-analysis/ HTTP/1.1" 200 27293
2026-03-06 10:13:28,850 | INFO | plate_detector | analyze_image START | image=C:\Users\tomas\OneDrive\Documentos\vscodepy\LectorFinal\media\analyzed\2026\03\06\WhatsApp_Image_2026-03-06_at_10.13.10.jpeg
2026-03-06 10:13:29,682 | INFO | plate_detector | process_image | candidates=1
2026-03-06 10:13:30,050 | INFO | plate_detector | process_image SUMMARY | plates=0 | discarded_prefilter=1 | discarded_invalid=0
2026-03-06 10:13:30,050 | INFO | plate_detector | analyze_image DONE | image=C:\Users\tomas\OneDrive\Documentos\vscodepy\LectorFinal\media\analyzed\2026\03\06\WhatsApp_Image_2026-03-06_at_10.13.10.jpeg | plates=0 | candidates=1 | elapsed=1.20s
2026-03-06 10:13:30,133 | INFO | django.server | "POST /upload-analyze/ HTTP/1.1" 302 0
2026-03-06 10:13:30,183 | INFO | django.server | "GET /image-analysis/ HTTP/1.1" 200 27472
2026-03-06 10:13:40,451 | INFO | plate_detector | analyze_image START | image=C:\Users\tomas\OneDrive\Documentos\vscodepy\LectorFinal\media\analyzed\2026\03\06\WhatsApp_Image_2026-03-06_at_10.13.29.jpeg
2026-03-06 10:13:41,101 | INFO | plate_detector | process_image | candidates=5
2026-03-06 10:13:42,711 | INFO | plate_detector | process_image SUMMARY | plates=0 | discarded_prefilter=5 | discarded_invalid=0
2026-03-06 10:13:42,711 | INFO | plate_detector | analyze_image DONE | image=C:\Users\tomas\OneDrive\Documentos\vscodepy\LectorFinal\media\analyzed\2026\03\06\WhatsApp_Image_2026-03-06_at_10.13.29.jpeg | plates=0 | candidates=5 | elapsed=2.26s
2026-03-06 10:13:42,773 | INFO | django.server | "POST /upload-analyze/ HTTP/1.1" 302 0
2026-03-06 10:13:42,798 | INFO | django.server | "GET /image-analysis/ HTTP/1.1" 200 27319
2026-03-06 10:13:44,452 | INFO | django.server | "GET /analysis/62/ HTTP/1.1" 200 19677
2026-03-06 10:13:44,526 | INFO | django.server | "GET /media/analyzed/2026/03/06/WhatsApp_Image_2026-03-06_at_10.13.29.jpeg HTTP/1.1" 200 117341
2026-03-06 10:13:44,599 | INFO | django.server | "GET /media/analyzed/2026/03/06/WhatsApp_Image_2026-03-06_at_10.13.29_annotated.jpeg HTTP/1.1" 200 221410
2026-03-06 10:14:28,633 | INFO | django.server | "GET /image-analysis/ HTTP/1.1" 200 26987
2026-03-06 10:14:31,206 | INFO | plate_detector | analyze_image START | image=C:\Users\tomas\OneDrive\Documentos\vscodepy\LectorFinal\media\analyzed\2026\03\06\WhatsApp_Image_2026-03-06_at_10_HBacYfS.13.29.jpeg
2026-03-06 10:14:31,994 | INFO | plate_detector | process_image | candidates=4
2026-03-06 10:14:33,406 | INFO | plate_detector | process_image SUMMARY | plates=0 | discarded_prefilter=4 | discarded_invalid=0
2026-03-06 10:14:33,406 | INFO | plate_detector | analyze_image DONE | image=C:\Users\tomas\OneDrive\Documentos\vscodepy\LectorFinal\media\analyzed\2026\03\06\WhatsApp_Image_2026-03-06_at_10_HBacYfS.13.29.jpeg | plates=0 | candidates=4 | elapsed=2.20s
2026-03-06 10:14:33,453 | INFO | django.server | "POST /upload-analyze/ HTTP/1.1" 302 0
2026-03-06 10:14:33,480 | INFO | django.server | "GET /image-analysis/ HTTP/1.1" 200 27326
2026-03-06 10:14:34,844 | INFO | django.server | "GET /analysis/63/ HTTP/1.1" 200 19741
2026-03-06 10:14:34,920 | INFO | django.server | "GET /media/analyzed/2026/03/06/WhatsApp_Image_2026-03-06_at_10_HBacYfS.13.29.jpeg HTTP/1.1" 200 156391
2026-03-06 10:14:34,969 | INFO | django.server | "GET /media/analyzed/2026/03/06/WhatsApp_Image_2026-03-06_at_10_HBacYfS.13.29_annotated.jpeg HTTP/1.1" 200 208961
2026-03-06 10:15:32,562 | INFO | django.server | "GET /image-analysis/ HTTP/1.1" 200 26994
2026-03-06 10:15:44,928 | INFO | plate_detector | analyze_image START | image=C:\Users\tomas\OneDrive\Documentos\vscodepy\LectorFinal\media\analyzed\2026\03\06\WhatsApp_Image_2026-03-06_at_10_xMMJyDT.13.29.jpeg
2026-03-06 10:15:46,169 | INFO | plate_detector | process_image | candidates=2
2026-03-06 10:15:47,017 | INFO | plate_detector | process_image SUMMARY | plates=0 | discarded_prefilter=2 | discarded_invalid=0
2026-03-06 10:15:47,019 | INFO | plate_detector | analyze_image DONE | image=C:\Users\tomas\OneDrive\Documentos\vscodepy\LectorFinal\media\analyzed\2026\03\06\WhatsApp_Image_2026-03-06_at_10_xMMJyDT.13.29.jpeg | plates=0 | candidates=2 | elapsed=2.09s
2026-03-06 10:15:47,058 | INFO | django.server | "POST /upload-analyze/ HTTP/1.1" 302 0
2026-03-06 10:15:47,083 | INFO | django.server | "GET /image-analysis/ HTTP/1.1" 200 27333
2026-03-06 10:16:00,273 | INFO | plate_detector | analyze_image START | image=C:\Users\tomas\OneDrive\Documentos\vscodepy\LectorFinal\media\analyzed\2026\03\06\RT_PU_38fc7098ead54e62a7c651cd13f0aaa6.jpg
2026-03-06 10:16:00,990 | INFO | plate_detector | process_image | candidates=3
2026-03-06 10:16:16,431 | INFO | plate_detector | process_image SUMMARY | plates=1 | discarded_prefilter=2 | discarded_invalid=0
2026-03-06 10:16:16,431 | INFO | plate_detector | analyze_image DONE | image=C:\Users\tomas\OneDrive\Documentos\vscodepy\LectorFinal\media\analyzed\2026\03\06\RT_PU_38fc7098ead54e62a7c651cd13f0aaa6.jpg | plates=1 | candidates=3 | elapsed=16.16s
2026-03-06 10:16:16,470 | INFO | django.server | "POST /upload-analyze/ HTTP/1.1" 302 0
2026-03-06 10:16:16,499 | INFO | django.server | "GET /image-analysis/ HTTP/1.1" 200 27490
2026-03-06 10:16:18,497 | INFO | django.server | "GET /analysis/65/ HTTP/1.1" 200 20511
2026-03-06 10:16:18,562 | INFO | django.server | "GET /media/analyzed/2026/03/06/RT_PU_38fc7098ead54e62a7c651cd13f0aaa6.jpg HTTP/1.1" 200 33566
2026-03-06 10:16:18,602 | INFO | django.server | "GET /media/analyzed/2026/03/06/RT_PU_38fc7098ead54e62a7c651cd13f0aaa6_annotated.jpg HTTP/1.1" 200 93084
2026-03-06 10:16:32,415 | INFO | django.server | "GET /image-analysis/ HTTP/1.1" 200 27178
2026-03-06 10:16:40,270 | INFO | plate_detector | analyze_image START | image=C:\Users\tomas\OneDrive\Documentos\vscodepy\LectorFinal\media\analyzed\2026\03\06\images_5.jpg
2026-03-06 10:16:41,088 | INFO | plate_detector | process_image | candidates=3
2026-03-06 10:16:58,016 | INFO | plate_detector | process_image SUMMARY | plates=1 | discarded_prefilter=2 | discarded_invalid=0
2026-03-06 10:16:58,016 | INFO | plate_detector | analyze_image DONE | image=C:\Users\tomas\OneDrive\Documentos\vscodepy\LectorFinal\media\analyzed\2026\03\06\images_5.jpg | plates=1 | candidates=3 | elapsed=17.75s
2026-03-06 10:16:58,058 | INFO | django.server | "POST /upload-analyze/ HTTP/1.1" 302 0
2026-03-06 10:16:58,130 | INFO | django.server | "GET /image-analysis/ HTTP/1.1" 200 27635
2026-03-06 10:17:25,944 | INFO | django.server | "GET /analysis/66/ HTTP/1.1" 200 20272
2026-03-06 10:17:26,039 | INFO | django.server | "GET /media/analyzed/2026/03/06/images_5.jpg HTTP/1.1" 200 10679
2026-03-06 10:17:26,070 | INFO | django.server | "GET /media/analyzed/2026/03/06/images_5_annotated.jpg HTTP/1.1" 200 26744
2026-03-06 10:17:31,043 | INFO | django.server | "GET /image-analysis/ HTTP/1.1" 200 27321
2026-03-06 10:17:36,815 | INFO | plate_detector | analyze_image START | image=C:\Users\tomas\OneDrive\Documentos\vscodepy\LectorFinal\media\analyzed\2026\03\06\RT_PU_38fc7098ead54e62a7c651cd13f0aaa6_wicrlwo.jpg
2026-03-06 10:17:37,493 | INFO | plate_detector | process_image | candidates=2
2026-03-06 10:17:38,474 | INFO | plate_detector | process_image SUMMARY | plates=0 | discarded_prefilter=2 | discarded_invalid=0
2026-03-06 10:17:38,474 | INFO | plate_detector | analyze_image DONE | image=C:\Users\tomas\OneDrive\Documentos\vscodepy\LectorFinal\media\analyzed\2026\03\06\RT_PU_38fc7098ead54e62a7c651cd13f0aaa6_wicrlwo.jpg | plates=0 | candidates=2 | elapsed=1.66s
2026-03-06 10:17:38,501 | INFO | django.server | "POST /upload-analyze/ HTTP/1.1" 302 0
2026-03-06 10:17:38,529 | INFO | django.server | "GET /image-analysis/ HTTP/1.1" 200 27651
2026-03-06 10:17:51,406 | INFO | plate_detector | analyze_image START | image=C:\Users\tomas\OneDrive\Documentos\vscodepy\LectorFinal\media\analyzed\2026\03\06\NPAZ_888c03e1a35846d8a9178930be95b199.jpg
2026-03-06 10:17:51,947 | INFO | plate_detector | process_image | candidates=7
2026-03-06 10:17:54,098 | INFO | plate_detector | process_image SUMMARY | plates=0 | discarded_prefilter=7 | discarded_invalid=0
2026-03-06 10:17:54,098 | INFO | plate_detector | analyze_image DONE | image=C:\Users\tomas\OneDrive\Documentos\vscodepy\LectorFinal\media\analyzed\2026\03\06\NPAZ_888c03e1a35846d8a9178930be95b199.jpg | plates=0 | candidates=7 | elapsed=2.69s
2026-03-06 10:17:54,137 | INFO | django.server | "POST /upload-analyze/ HTTP/1.1" 302 0
2026-03-06 10:17:54,165 | INFO | django.server | "GET /image-analysis/ HTTP/1.1" 200 27640
2026-03-06 10:18:56,794 | INFO | plate_detector | analyze_image START | image=C:\Users\tomas\OneDrive\Documentos\vscodepy\LectorFinal\media\analyzed\2026\03\06\NPAZ_888c03e1a35846d8a9178930be95b1991.jpg
2026-03-06 10:18:57,511 | INFO | plate_detector | process_image | candidates=4
2026-03-06 10:19:21,727 | INFO | plate_detector | process_image SUMMARY | plates=1 | discarded_prefilter=3 | discarded_invalid=0
2026-03-06 10:19:21,727 | INFO | plate_detector | analyze_image DONE | image=C:\Users\tomas\OneDrive\Documentos\vscodepy\LectorFinal\media\analyzed\2026\03\06\NPAZ_888c03e1a35846d8a9178930be95b1991.jpg | plates=1 | candidates=4 | elapsed=24.93s
2026-03-06 10:19:21,764 | INFO | django.server | "POST /upload-analyze/ HTTP/1.1" 302 0
2026-03-06 10:19:21,792 | INFO | django.server | "GET /image-analysis/ HTTP/1.1" 200 27614
2026-03-06 10:19:28,106 | INFO | django.server | "GET /analysis/69/ HTTP/1.1" 200 20508
2026-03-06 10:19:28,190 | INFO | django.server | "GET /media/analyzed/2026/03/06/NPAZ_888c03e1a35846d8a9178930be95b1991.jpg HTTP/1.1" 200 111692
2026-03-06 10:19:28,216 | INFO | django.server | "GET /media/analyzed/2026/03/06/NPAZ_888c03e1a35846d8a9178930be95b1991_annotated.jpg HTTP/1.1" 200 147833
2026-03-06 10:19:34,180 | INFO | django.server | "GET /image-analysis/ HTTP/1.1" 200 27301
2026-03-06 10:19:42,812 | INFO | plate_detector | analyze_image START | image=C:\Users\tomas\OneDrive\Documentos\vscodepy\LectorFinal\media\analyzed\2026\03\06\565559_1_im.jpg
2026-03-06 10:19:43,448 | INFO | plate_detector | process_image | candidates=4
2026-03-06 10:20:03,653 | INFO | plate_detector | process_image SUMMARY | plates=1 | discarded_prefilter=3 | discarded_invalid=0
2026-03-06 10:20:03,653 | INFO | plate_detector | analyze_image DONE | image=C:\Users\tomas\OneDrive\Documentos\vscodepy\LectorFinal\media\analyzed\2026\03\06\565559_1_im.jpg | plates=1 | candidates=4 | elapsed=20.84s
2026-03-06 10:20:03,700 | INFO | django.server | "POST /upload-analyze/ HTTP/1.1" 302 0
2026-03-06 10:20:03,745 | INFO | django.server | "GET /image-analysis/ HTTP/1.1" 200 27620
2026-03-06 10:20:09,066 | INFO | django.server | "GET /analysis/70/ HTTP/1.1" 200 20293
2026-03-06 10:20:09,157 | INFO | django.server | "GET /media/analyzed/2026/03/06/565559_1_im.jpg HTTP/1.1" 200 233671
2026-03-06 10:20:09,230 | INFO | django.server | "GET /media/analyzed/2026/03/06/565559_1_im_annotated.jpg HTTP/1.1" 200 312807
2026-03-06 10:21:59,005 | INFO | django.server | "GET /image-analysis/ HTTP/1.1" 200 27308
2026-03-06 10:22:01,349 | INFO | django.server | "GET /analysis/69/ HTTP/1.1" 200 20508
2026-03-06 10:22:01,436 | INFO | django.server | "GET /media/analyzed/2026/03/06/NPAZ_888c03e1a35846d8a9178930be95b1991.jpg HTTP/1.1" 304 0
2026-03-06 10:22:01,447 | INFO | django.server | "GET /media/analyzed/2026/03/06/NPAZ_888c03e1a35846d8a9178930be95b1991_annotated.jpg HTTP/1.1" 304 0
2026-03-06 10:22:05,178 | INFO | django.server | "GET /analysis/70/ HTTP/1.1" 200 20293
2026-03-06 10:22:05,242 | INFO | django.server | "GET /media/analyzed/2026/03/06/565559_1_im.jpg HTTP/1.1" 304 0
2026-03-06 10:22:05,244 | INFO | django.server | "GET /media/analyzed/2026/03/06/565559_1_im_annotated.jpg HTTP/1.1" 304 0
2026-03-06 10:22:31,021 | INFO | plate_detector | analyze_image START | image=C:\Users\tomas\OneDrive\Documentos\vscodepy\LectorFinal\media\analyzed\2026\03\06\ika-renault.jpg
2026-03-06 10:22:31,759 | INFO | plate_detector | process_image | candidates=2
2026-03-06 10:22:33,324 | INFO | plate_detector | process_image SUMMARY | plates=0 | discarded_prefilter=2 | discarded_invalid=0
2026-03-06 10:22:33,324 | INFO | plate_detector | analyze_image DONE | image=C:\Users\tomas\OneDrive\Documentos\vscodepy\LectorFinal\media\analyzed\2026\03\06\ika-renault.jpg | plates=0 | candidates=2 | elapsed=2.30s
2026-03-06 10:22:33,371 | INFO | django.server | "POST /upload-analyze/ HTTP/1.1" 302 0
2026-03-06 10:22:33,400 | INFO | django.server | "GET /image-analysis/ HTTP/1.1" 200 27613
2026-03-06 10:22:43,921 | INFO | plate_detector | analyze_image START | image=C:\Users\tomas\OneDrive\Documentos\vscodepy\LectorFinal\media\analyzed\2026\03\06\Amarok-V6-2020-frente.jpg
2026-03-06 10:22:44,916 | INFO | plate_detector | process_image | candidates=4
2026-03-06 10:22:46,929 | INFO | plate_detector | process_image SUMMARY | plates=0 | discarded_prefilter=4 | discarded_invalid=0
2026-03-06 10:22:46,929 | INFO | plate_detector | analyze_image DONE | image=C:\Users\tomas\OneDrive\Documentos\vscodepy\LectorFinal\media\analyzed\2026\03\06\Amarok-V6-2020-frente.jpg | plates=0 | candidates=4 | elapsed=3.01s
2026-03-06 10:22:46,974 | INFO | django.server | "POST /upload-analyze/ HTTP/1.1" 302 0
2026-03-06 10:22:46,999 | INFO | django.server | "GET /image-analysis/ HTTP/1.1" 200 27596
2026-03-06 10:23:57,334 | INFO | plate_detector | analyze_image START | image=C:\Users\tomas\OneDrive\Documentos\vscodepy\LectorFinal\media\analyzed\2026\03\06\WhatsApp_Image_2026-03-06_at_10_6gRVSls.13.29.jpeg
2026-03-06 10:23:57,859 | INFO | plate_detector | process_image | candidates=2
2026-03-06 10:23:58,691 | INFO | plate_detector | process_image SUMMARY | plates=0 | discarded_prefilter=2 | discarded_invalid=0
2026-03-06 10:23:58,691 | INFO | plate_detector | analyze_image DONE | image=C:\Users\tomas\OneDrive\Documentos\vscodepy\LectorFinal\media\analyzed\2026\03\06\WhatsApp_Image_2026-03-06_at_10_6gRVSls.13.29.jpeg | plates=0 | candidates=2 | elapsed=1.36s
2026-03-06 10:23:58,730 | INFO | django.server | "POST /upload-analyze/ HTTP/1.1" 302 0
2026-03-06 10:23:58,754 | INFO | django.server | "GET /image-analysis/ HTTP/1.1" 200 27594
2026-03-06 10:24:01,042 | INFO | django.server | "GET /analysis/73/ HTTP/1.1" 200 19740
2026-03-06 10:24:01,125 | INFO | django.server | "GET /media/analyzed/2026/03/06/WhatsApp_Image_2026-03-06_at_10_6gRVSls.13.29.jpeg HTTP/1.1" 200 89938
2026-03-06 10:24:01,169 | INFO | django.server | "GET /media/analyzed/2026/03/06/WhatsApp_Image_2026-03-06_at_10_6gRVSls.13.29_annotated.jpeg HTTP/1.1" 200 122308
2026-03-06 10:24:07,934 | INFO | django.server | "GET /image-analysis/ HTTP/1.1" 200 27262
2026-03-06 10:24:25,282 | INFO | plate_detector | analyze_image START | image=C:\Users\tomas\OneDrive\Documentos\vscodepy\LectorFinal\media\analyzed\2026\03\06\wmwp5pwuw7p91.webp
2026-03-06 10:24:26,223 | INFO | plate_detector | process_image | candidates=4
2026-03-06 10:24:29,056 | INFO | plate_detector | process_image SUMMARY | plates=0 | discarded_prefilter=4 | discarded_invalid=0
2026-03-06 10:24:29,056 | INFO | plate_detector | analyze_image DONE | image=C:\Users\tomas\OneDrive\Documentos\vscodepy\LectorFinal\media\analyzed\2026\03\06\wmwp5pwuw7p91.webp | plates=0 | candidates=4 | elapsed=3.77s
2026-03-06 10:24:29,700 | INFO | django.server | "POST /upload-analyze/ HTTP/1.1" 302 0
2026-03-06 10:24:29,738 | INFO | django.server | "GET /image-analysis/ HTTP/1.1" 200 27562
2026-03-06 10:24:43,561 | INFO | plate_detector | analyze_image START | image=C:\Users\tomas\OneDrive\Documentos\vscodepy\LectorFinal\media\analyzed\2026\03\06\auto5.png
2026-03-06 10:24:44,339 | INFO | plate_detector | process_image | candidates=5
2026-03-06 10:24:48,210 | INFO | plate_detector | process_image SUMMARY | plates=0 | discarded_prefilter=5 | discarded_invalid=0
2026-03-06 10:24:48,210 | INFO | plate_detector | analyze_image DONE | image=C:\Users\tomas\OneDrive\Documentos\vscodepy\LectorFinal\media\analyzed\2026\03\06\auto5.png | plates=0 | candidates=5 | elapsed=4.65s
2026-03-06 10:24:48,293 | INFO | django.server | "POST /upload-analyze/ HTTP/1.1" 302 0
2026-03-06 10:24:48,325 | INFO | django.server | "GET /image-analysis/ HTTP/1.1" 200 27355
2026-03-06 10:25:01,105 | INFO | plate_detector | analyze_image START | image=C:\Users\tomas\OneDrive\Documentos\vscodepy\LectorFinal\media\analyzed\2026\03\06\auto5_NyP6Mub.png
2026-03-06 10:25:01,893 | INFO | plate_detector | process_image | candidates=5
2026-03-06 10:25:05,843 | INFO | plate_detector | process_image SUMMARY | plates=0 | discarded_prefilter=5 | discarded_invalid=0
2026-03-06 10:25:05,843 | INFO | plate_detector | analyze_image DONE | image=C:\Users\tomas\OneDrive\Documentos\vscodepy\LectorFinal\media\analyzed\2026\03\06\auto5_NyP6Mub.png | plates=0 | candidates=5 | elapsed=4.74s
2026-03-06 10:25:05,923 | INFO | django.server | "POST /upload-analyze/ HTTP/1.1" 302 0
2026-03-06 10:25:05,958 | INFO | django.server | "GET /image-analysis/ HTTP/1.1" 200 27182
2026-03-06 10:25:27,548 | INFO | plate_detector | analyze_image START | image=C:\Users\tomas\OneDrive\Documentos\vscodepy\LectorFinal\media\analyzed\2026\03\06\recall-patente-mercosurjpg_u1FQ5fk.webp
2026-03-06 10:25:28,234 | INFO | plate_detector | process_image | candidates=0
2026-03-06 10:25:28,234 | INFO | plate_detector | process_image SUMMARY | plates=0 | discarded_prefilter=0 | discarded_invalid=0
2026-03-06 10:25:28,234 | INFO | plate_detector | analyze_image DONE | image=C:\Users\tomas\OneDrive\Documentos\vscodepy\LectorFinal\media\analyzed\2026\03\06\recall-patente-mercosurjpg_u1FQ5fk.webp | plates=0 | candidates=0 | elapsed=0.69s
2026-03-06 10:25:29,046 | INFO | django.server | "POST /upload-analyze/ HTTP/1.1" 302 0
2026-03-06 10:25:29,070 | INFO | django.server | "GET /image-analysis/ HTTP/1.1" 200 27170
2026-03-06 10:30:21,204 | INFO | django.utils.autoreload | C:\Users\tomas\OneDrive\Documentos\vscodepy\LectorFinal\plate_detector\services.py changed, reloading.
2026-03-06 10:30:25,604 | INFO | django.utils.autoreload | Watching for file changes with StatReloader
2026-03-06 10:30:47,290 | INFO | django.utils.autoreload | C:\Users\tomas\OneDrive\Documentos\vscodepy\LectorFinal\plate_detector\services.py changed, reloading.
2026-03-06 10:30:49,322 | INFO | django.utils.autoreload | Watching for file changes with StatReloader
2026-03-06 10:31:20,511 | INFO | django.utils.autoreload | C:\Users\tomas\OneDrive\Documentos\vscodepy\LectorFinal\plate_detector\services.py changed, reloading.
2026-03-06 10:31:22,679 | INFO | django.utils.autoreload | Watching for file changes with StatReloader
2026-03-06 10:31:59,307 | INFO | django.utils.autoreload | C:\Users\tomas\OneDrive\Documentos\vscodepy\LectorFinal\plate_detector\services.py changed, reloading.
2026-03-06 10:32:01,402 | INFO | django.utils.autoreload | Watching for file changes with StatReloader
2026-03-06 10:32:11,899 | INFO | django.utils.autoreload | C:\Users\tomas\OneDrive\Documentos\vscodepy\LectorFinal\plate_detector\services.py changed, reloading.
2026-03-06 10:32:13,356 | INFO | django.utils.autoreload | Watching for file changes with StatReloader
2026-03-06 10:32:41,555 | INFO | django.utils.autoreload | C:\Users\tomas\OneDrive\Documentos\vscodepy\LectorFinal\plate_detector\services.py changed, reloading.
2026-03-06 10:32:44,051 | INFO | django.utils.autoreload | Watching for file changes with StatReloader
2026-03-06 10:33:41,999 | INFO | django.utils.autoreload | C:\Users\tomas\OneDrive\Documentos\vscodepy\LectorFinal\plate_detector\services.py changed, reloading.
2026-03-06 10:33:43,899 | INFO | django.utils.autoreload | Watching for file changes with StatReloader
2026-03-06 10:33:50,734 | INFO | django.server | "GET /image-analysis/ HTTP/1.1" 200 26845
2026-03-06 10:33:54,889 | INFO | plate_detector | analyze_image START | image=C:\Users\tomas\OneDrive\Documentos\vscodepy\LectorFinal\media\analyzed\2026\03\06\WhatsApp_Image_2026-03-06_at_10_cP7WvZ2.13.29.jpeg
2026-03-06 10:34:01,722 | INFO | plate_detector | process_image | candidates=2
2026-03-06 10:34:07,339 | WARNING | easyocr.easyocr | Using CPU. Note: This module is much faster with a GPU.
2026-03-06 10:34:12,347 | INFO | plate_detector | process_image SUMMARY | plates=0 | discarded_prefilter=2 | discarded_invalid=0
2026-03-06 10:34:12,347 | INFO | plate_detector | analyze_image DONE | image=C:\Users\tomas\OneDrive\Documentos\vscodepy\LectorFinal\media\analyzed\2026\03\06\WhatsApp_Image_2026-03-06_at_10_cP7WvZ2.13.29.jpeg | plates=0 | candidates=2 | elapsed=17.46s
2026-03-06 10:34:12,381 | INFO | django.server | "POST /upload-analyze/ HTTP/1.1" 302 0
2026-03-06 10:34:12,418 | INFO | django.server | "GET /image-analysis/ HTTP/1.1" 200 27186
2026-03-06 10:34:29,762 | INFO | plate_detector | analyze_image START | image=C:\Users\tomas\OneDrive\Documentos\vscodepy\LectorFinal\media\analyzed\2026\03\06\AC778KP_aaTEG3h.jpg
2026-03-06 10:34:30,562 | INFO | plate_detector | process_image | candidates=5
2026-03-06 10:34:46,561 | INFO | plate_detector | process_image SUMMARY | plates=1 | discarded_prefilter=4 | discarded_invalid=0
2026-03-06 10:34:46,561 | INFO | plate_detector | analyze_image DONE | image=C:\Users\tomas\OneDrive\Documentos\vscodepy\LectorFinal\media\analyzed\2026\03\06\AC778KP_aaTEG3h.jpg | plates=1 | candidates=5 | elapsed=16.80s
2026-03-06 10:34:46,617 | INFO | django.server | "POST /upload-analyze/ HTTP/1.1" 302 0
2026-03-06 10:34:46,654 | INFO | django.server | "GET /image-analysis/ HTTP/1.1" 200 27145
2026-03-06 10:35:01,326 | INFO | plate_detector | analyze_image START | image=C:\Users\tomas\OneDrive\Documentos\vscodepy\LectorFinal\media\analyzed\2026\03\06\AB123CD_33t5vJt.jpg
2026-03-06 10:35:02,508 | INFO | plate_detector | process_image | candidates=8
2026-03-06 10:35:34,513 | INFO | plate_detector | process_image SUMMARY | plates=2 | discarded_prefilter=6 | discarded_invalid=0
2026-03-06 10:35:34,513 | INFO | plate_detector | analyze_image DONE | image=C:\Users\tomas\OneDrive\Documentos\vscodepy\LectorFinal\media\analyzed\2026\03\06\AB123CD_33t5vJt.jpg | plates=2 | candidates=8 | elapsed=33.19s
2026-03-06 10:35:34,573 | INFO | django.server | "POST /upload-analyze/ HTTP/1.1" 302 0
2026-03-06 10:35:34,612 | INFO | django.server | "GET /image-analysis/ HTTP/1.1" 200 27148
2026-03-06 10:35:48,911 | INFO | django.server | "GET /analysis/80/ HTTP/1.1" 200 20873
2026-03-06 10:35:49,187 | INFO | django.server | "GET /media/analyzed/2026/03/06/AB123CD_33t5vJt.jpg HTTP/1.1" 200 91160
2026-03-06 10:35:49,206 | INFO | django.server | "GET /media/analyzed/2026/03/06/AB123CD_33t5vJt_annotated.jpg HTTP/1.1" 200 286739
2026-03-06 10:35:56,253 | INFO | django.server | "GET /image-analysis/ HTTP/1.1" 200 26836
2026-03-06 10:36:19,983 | INFO | plate_detector | analyze_image START | image=C:\Users\tomas\OneDrive\Documentos\vscodepy\LectorFinal\media\analyzed\2026\03\06\images_1.jpg
2026-03-06 10:36:20,746 | INFO | plate_detector | process_image | candidates=2
2026-03-06 10:36:21,635 | INFO | plate_detector | process_image SUMMARY | plates=0 | discarded_prefilter=2 | discarded_invalid=0
2026-03-06 10:36:21,635 | INFO | plate_detector | analyze_image DONE | image=C:\Users\tomas\OneDrive\Documentos\vscodepy\LectorFinal\media\analyzed\2026\03\06\images_1.jpg | plates=0 | candidates=2 | elapsed=1.65s
2026-03-06 10:36:21,665 | INFO | django.server | "POST /upload-analyze/ HTTP/1.1" 302 0
2026-03-06 10:36:21,695 | INFO | django.server | "GET /image-analysis/ HTTP/1.1" 200 27163
2026-03-06 10:36:30,672 | INFO | plate_detector | analyze_image START | image=C:\Users\tomas\OneDrive\Documentos\vscodepy\LectorFinal\media\analyzed\2026\03\06\RT_PU_38fc7098ead54e62a7c651cd13f0aaa6_SBMfXtZ.jpg
2026-03-06 10:36:31,441 | INFO | plate_detector | process_image | candidates=2
2026-03-06 10:36:32,624 | INFO | plate_detector | process_image SUMMARY | plates=0 | discarded_prefilter=2 | discarded_invalid=0
2026-03-06 10:36:32,624 | INFO | plate_detector | analyze_image DONE | image=C:\Users\tomas\OneDrive\Documentos\vscodepy\LectorFinal\media\analyzed\2026\03\06\RT_PU_38fc7098ead54e62a7c651cd13f0aaa6_SBMfXtZ.jpg | plates=0 | candidates=2 | elapsed=1.95s
2026-03-06 10:36:32,653 | INFO | django.server | "POST /upload-analyze/ HTTP/1.1" 302 0
2026-03-06 10:36:32,679 | INFO | django.server | "GET /image-analysis/ HTTP/1.1" 200 27188
2026-03-06 10:36:39,815 | INFO | plate_detector | analyze_image START | image=C:\Users\tomas\OneDrive\Documentos\vscodepy\LectorFinal\media\analyzed\2026\03\06\NPAZ_888c03e1a35846d8a9178930be95b1991_l6693F9.jpg
2026-03-06 10:36:40,385 | INFO | plate_detector | process_image | candidates=4
2026-03-06 10:37:03,743 | INFO | plate_detector | process_image SUMMARY | plates=1 | discarded_prefilter=3 | discarded_invalid=0
2026-03-06 10:37:03,743 | INFO | plate_detector | analyze_image DONE | image=C:\Users\tomas\OneDrive\Documentos\vscodepy\LectorFinal\media\analyzed\2026\03\06\NPAZ_888c03e1a35846d8a9178930be95b1991_l6693F9.jpg | plates=1 | candidates=4 | elapsed=23.93s
2026-03-06 10:37:03,779 | INFO | django.server | "POST /upload-analyze/ HTTP/1.1" 302 0
2026-03-06 10:37:03,806 | INFO | django.server | "GET /image-analysis/ HTTP/1.1" 200 27346
2026-03-06 10:37:05,881 | INFO | django.server | "GET /analysis/83/ HTTP/1.1" 200 20572
2026-03-06 10:37:05,978 | INFO | django.server | "GET /media/analyzed/2026/03/06/NPAZ_888c03e1a35846d8a9178930be95b1991_l6693F9.jpg HTTP/1.1" 200 111692
2026-03-06 10:37:06,045 | INFO | django.server | "GET /media/analyzed/2026/03/06/NPAZ_888c03e1a35846d8a9178930be95b1991_l6693F9_annotated.jpg HTTP/1.1" 200 147833
2026-03-06 10:37:12,061 | INFO | django.server | "GET /image-analysis/ HTTP/1.1" 200 27033
2026-03-06 10:37:25,228 | INFO | plate_detector | analyze_image START | image=C:\Users\tomas\OneDrive\Documentos\vscodepy\LectorFinal\media\analyzed\2026\03\06\565559_1_im_eqtdCLQ.jpg
2026-03-06 10:37:26,123 | INFO | plate_detector | process_image | candidates=4
2026-03-06 10:37:45,854 | INFO | plate_detector | process_image SUMMARY | plates=1 | discarded_prefilter=3 | discarded_invalid=0
2026-03-06 10:37:45,854 | INFO | plate_detector | analyze_image DONE | image=C:\Users\tomas\OneDrive\Documentos\vscodepy\LectorFinal\media\analyzed\2026\03\06\565559_1_im_eqtdCLQ.jpg | plates=1 | candidates=4 | elapsed=20.63s
2026-03-06 10:37:45,902 | INFO | django.server | "POST /upload-analyze/ HTTP/1.1" 302 0
2026-03-06 10:37:45,928 | INFO | django.server | "GET /image-analysis/ HTTP/1.1" 200 27524
2026-03-06 10:37:48,440 | INFO | django.server | "GET /analysis/84/ HTTP/1.1" 200 20357
2026-03-06 10:37:48,517 | INFO | django.server | "GET /media/analyzed/2026/03/06/565559_1_im_eqtdCLQ.jpg HTTP/1.1" 200 233671
2026-03-06 10:37:48,571 | INFO | django.server | "GET /media/analyzed/2026/03/06/565559_1_im_eqtdCLQ_annotated.jpg HTTP/1.1" 200 312889
2026-03-06 10:37:51,799 | INFO | django.server | "GET /image-analysis/ HTTP/1.1" 200 27211
2026-03-06 10:38:00,447 | INFO | plate_detector | analyze_image START | image=C:\Users\tomas\OneDrive\Documentos\vscodepy\LectorFinal\media\analyzed\2026\03\06\images_5_Ndbmoef.jpg
2026-03-06 10:38:00,940 | INFO | plate_detector | process_image | candidates=3
2026-03-06 10:38:14,752 | INFO | plate_detector | process_image SUMMARY | plates=1 | discarded_prefilter=2 | discarded_invalid=0
2026-03-06 10:38:14,752 | INFO | plate_detector | analyze_image DONE | image=C:\Users\tomas\OneDrive\Documentos\vscodepy\LectorFinal\media\analyzed\2026\03\06\images_5_Ndbmoef.jpg | plates=1 | candidates=3 | elapsed=14.30s
2026-03-06 10:38:14,784 | INFO | django.server | "POST /upload-analyze/ HTTP/1.1" 302 0
2026-03-06 10:38:14,814 | INFO | django.server | "GET /image-analysis/ HTTP/1.1" 200 27711
2026-03-06 10:38:16,363 | INFO | django.server | "GET /analysis/85/ HTTP/1.1" 200 20336
2026-03-06 10:38:16,422 | INFO | django.server | "GET /media/analyzed/2026/03/06/images_5_Ndbmoef.jpg HTTP/1.1" 200 10679
2026-03-06 10:38:16,456 | INFO | django.server | "GET /media/analyzed/2026/03/06/images_5_Ndbmoef_annotated.jpg HTTP/1.1" 200 26744
2026-03-06 10:38:22,738 | INFO | django.server | "GET /image-analysis/ HTTP/1.1" 200 27399
2026-03-06 10:38:32,439 | INFO | plate_detector | analyze_image START | image=C:\Users\tomas\OneDrive\Documentos\vscodepy\LectorFinal\media\analyzed\2026\03\06\auto228_A44Jv1n.jpg
2026-03-06 10:38:33,677 | INFO | plate_detector | process_image | candidates=4
2026-03-06 10:38:52,326 | INFO | plate_detector | process_image SUMMARY | plates=1 | discarded_prefilter=3 | discarded_invalid=0
2026-03-06 10:38:52,326 | INFO | plate_detector | analyze_image DONE | image=C:\Users\tomas\OneDrive\Documentos\vscodepy\LectorFinal\media\analyzed\2026\03\06\auto228_A44Jv1n.jpg | plates=1 | candidates=4 | elapsed=19.89s
2026-03-06 10:38:52,375 | INFO | django.server | "POST /upload-analyze/ HTTP/1.1" 302 0
2026-03-06 10:38:52,411 | INFO | django.server | "GET /image-analysis/ HTTP/1.1" 200 27890
2026-03-06 10:38:57,914 | INFO | django.server | "GET /analysis/86/ HTTP/1.1" 200 20327
2026-03-06 10:38:57,982 | INFO | django.server | "GET /media/analyzed/2026/03/06/auto228_A44Jv1n.jpg HTTP/1.1" 200 72168
2026-03-06 10:38:58,023 | INFO | django.server | "GET /media/analyzed/2026/03/06/auto228_A44Jv1n_annotated.jpg HTTP/1.1" 200 143949
2026-03-06 10:39:02,902 | INFO | django.server | "GET /image-analysis/ HTTP/1.1" 200 27576
2026-03-06 10:40:14,409 | INFO | plate_detector | analyze_image START | image=C:\Users\tomas\OneDrive\Documentos\vscodepy\LectorFinal\media\analyzed\2026\03\06\s8d1o0yuw7p91.jpg
2026-03-06 10:40:15,330 | INFO | plate_detector | process_image | candidates=4
2026-03-06 10:40:33,235 | INFO | plate_detector | process_image SUMMARY | plates=1 | discarded_prefilter=3 | discarded_invalid=0
2026-03-06 10:40:33,235 | INFO | plate_detector | analyze_image DONE | image=C:\Users\tomas\OneDrive\Documentos\vscodepy\LectorFinal\media\analyzed\2026\03\06\s8d1o0yuw7p91.jpg | plates=1 | candidates=4 | elapsed=18.83s
2026-03-06 10:40:33,288 | INFO | django.server | "POST /upload-analyze/ HTTP/1.1" 302 0
2026-03-06 10:40:33,338 | INFO | django.server | "GET /image-analysis/ HTTP/1.1" 200 28044
2026-03-06 10:40:35,080 | INFO | django.server | "GET /analysis/87/ HTTP/1.1" 200 20311
2026-03-06 10:40:35,138 | INFO | django.server | "GET /media/analyzed/2026/03/06/s8d1o0yuw7p91.jpg HTTP/1.1" 200 61862
2026-03-06 10:40:35,189 | INFO | django.server | "GET /media/analyzed/2026/03/06/s8d1o0yuw7p91_annotated.jpg HTTP/1.1" 200 145607
2026-03-06 10:41:02,291 | INFO | django.server | "GET /image-analysis/ HTTP/1.1" 200 27731
2026-03-06 10:41:14,131 | INFO | plate_detector | analyze_image START | image=C:\Users\tomas\OneDrive\Documentos\vscodepy\LectorFinal\media\analyzed\2026\03\06\recall-patente-mercosurjpg_9Qpl182.webp
2026-03-06 10:41:15,024 | INFO | plate_detector | process_image | candidates=0
2026-03-06 10:41:15,024 | INFO | plate_detector | process_image SUMMARY | plates=0 | discarded_prefilter=0 | discarded_invalid=0
2026-03-06 10:41:15,024 | INFO | plate_detector | analyze_image DONE | image=C:\Users\tomas\OneDrive\Documentos\vscodepy\LectorFinal\media\analyzed\2026\03\06\recall-patente-mercosurjpg_9Qpl182.webp | plates=0 | candidates=0 | elapsed=0.89s
2026-03-06 10:41:15,767 | INFO | django.server | "POST /upload-analyze/ HTTP/1.1" 302 0
2026-03-06 10:41:15,796 | INFO | django.server | "GET /image-analysis/ HTTP/1.1" 200 28051
2026-03-06 10:42:20,741 | INFO | plate_detector | analyze_image START | image=C:\Users\tomas\OneDrive\Documentos\vscodepy\LectorFinal\media\analyzed\2026\03\06\AA021ID_Zcg7l3O.jpg
2026-03-06 10:42:21,672 | INFO | plate_detector | process_image | candidates=4
2026-03-06 10:42:23,430 | INFO | plate_detector | process_image SUMMARY | plates=0 | discarded_prefilter=4 | discarded_invalid=0
2026-03-06 10:42:23,432 | INFO | plate_detector | analyze_image DONE | image=C:\Users\tomas\OneDrive\Documentos\vscodepy\LectorFinal\media\analyzed\2026\03\06\AA021ID_Zcg7l3O.jpg | plates=0 | candidates=4 | elapsed=2.69s
2026-03-06 10:42:23,502 | INFO | django.server | "POST /upload-analyze/ HTTP/1.1" 302 0
2026-03-06 10:42:23,536 | INFO | django.server | "GET /image-analysis/ HTTP/1.1" 200 27874
2026-03-06 10:45:23,511 | INFO | plate_detector | analyze_image START | image=C:\Users\tomas\OneDrive\Documentos\vscodepy\LectorFinal\autos\565559_1_im.jpg
2026-03-06 10:45:28,581 | INFO | plate_detector | process_image | candidates=4
2026-03-06 10:45:33,257 | WARNING | easyocr.easyocr | Using CPU. Note: This module is much faster with a GPU.
2026-03-06 10:45:54,684 | INFO | plate_detector | process_image SUMMARY | plates=1 | discarded_prefilter=3 | discarded_invalid=0
2026-03-06 10:45:54,685 | INFO | plate_detector | analyze_image DONE | image=C:\Users\tomas\OneDrive\Documentos\vscodepy\LectorFinal\autos\565559_1_im.jpg | plates=1 | candidates=4 | elapsed=31.17s
2026-03-06 10:45:54,685 | INFO | plate_detector | analyze_image START | image=C:\Users\tomas\OneDrive\Documentos\vscodepy\LectorFinal\autos\AA021ID.jpg
2026-03-06 10:45:55,283 | INFO | plate_detector | process_image | candidates=4
2026-03-06 10:45:56,530 | INFO | plate_detector | process_image SUMMARY | plates=0 | discarded_prefilter=4 | discarded_invalid=0
2026-03-06 10:45:56,532 | INFO | plate_detector | analyze_image DONE | image=C:\Users\tomas\OneDrive\Documentos\vscodepy\LectorFinal\autos\AA021ID.jpg | plates=0 | candidates=4 | elapsed=1.85s
2026-03-06 10:45:56,532 | INFO | plate_detector | analyze_image START | image=C:\Users\tomas\OneDrive\Documentos\vscodepy\LectorFinal\autos\AB123CD.jpg
2026-03-06 10:45:56,864 | INFO | plate_detector | process_image | candidates=8
2026-03-06 10:46:09,666 | INFO | plate_detector | process_image SUMMARY | plates=1 | discarded_prefilter=7 | discarded_invalid=0
2026-03-06 10:46:09,668 | INFO | plate_detector | analyze_image DONE | image=C:\Users\tomas\OneDrive\Documentos\vscodepy\LectorFinal\autos\AB123CD.jpg | plates=1 | candidates=8 | elapsed=13.14s
2026-03-06 10:46:09,668 | INFO | plate_detector | analyze_image START | image=C:\Users\tomas\OneDrive\Documentos\vscodepy\LectorFinal\autos\AC778KP.jpg
2026-03-06 10:46:10,021 | INFO | plate_detector | process_image | candidates=5
2026-03-06 10:46:21,950 | INFO | plate_detector | process_image SUMMARY | plates=1 | discarded_prefilter=4 | discarded_invalid=0
2026-03-06 10:46:21,950 | INFO | plate_detector | analyze_image DONE | image=C:\Users\tomas\OneDrive\Documentos\vscodepy\LectorFinal\autos\AC778KP.jpg | plates=1 | candidates=5 | elapsed=12.28s
2026-03-06 10:46:21,953 | INFO | plate_detector | analyze_image START | image=C:\Users\tomas\OneDrive\Documentos\vscodepy\LectorFinal\autos\AD.jpg
2026-03-06 10:46:22,223 | INFO | plate_detector | process_image | candidates=2
2026-03-06 10:46:22,793 | INFO | plate_detector | process_image SUMMARY | plates=0 | discarded_prefilter=2 | discarded_invalid=0
2026-03-06 10:46:22,793 | INFO | plate_detector | analyze_image DONE | image=C:\Users\tomas\OneDrive\Documentos\vscodepy\LectorFinal\autos\AD.jpg | plates=0 | candidates=2 | elapsed=0.84s
2026-03-06 10:46:22,793 | INFO | plate_detector | analyze_image START | image=C:\Users\tomas\OneDrive\Documentos\vscodepy\LectorFinal\autos\AD750EX.jpg
2026-03-06 10:46:23,048 | INFO | plate_detector | process_image | candidates=2
2026-03-06 10:46:23,614 | INFO | plate_detector | process_image SUMMARY | plates=0 | discarded_prefilter=2 | discarded_invalid=0
2026-03-06 10:46:23,614 | INFO | plate_detector | analyze_image DONE | image=C:\Users\tomas\OneDrive\Documentos\vscodepy\LectorFinal\autos\AD750EX.jpg | plates=0 | candidates=2 | elapsed=0.82s
2026-03-06 10:46:23,614 | INFO | plate_detector | analyze_image START | image=C:\Users\tomas\OneDrive\Documentos\vscodepy\LectorFinal\autos\AE486WE.jpg
2026-03-06 10:46:23,949 | INFO | plate_detector | process_image | candidates=4
2026-03-06 10:46:39,292 | INFO | plate_detector | process_image SUMMARY | plates=1 | discarded_prefilter=3 | discarded_invalid=0
2026-03-06 10:46:39,294 | INFO | plate_detector | analyze_image DONE | image=C:\Users\tomas\OneDrive\Documentos\vscodepy\LectorFinal\autos\AE486WE.jpg | plates=1 | candidates=4 | elapsed=15.68s
2026-03-06 10:46:39,294 | INFO | plate_detector | analyze_image START | image=C:\Users\tomas\OneDrive\Documentos\vscodepy\LectorFinal\autos\AG515NR.jpg
2026-03-06 10:46:39,465 | INFO | plate_detector | process_image | candidates=3
2026-03-06 10:46:48,020 | INFO | plate_detector | process_image SUMMARY | plates=1 | discarded_prefilter=2 | discarded_invalid=0
2026-03-06 10:46:48,021 | INFO | plate_detector | analyze_image DONE | image=C:\Users\tomas\OneDrive\Documentos\vscodepy\LectorFinal\autos\AG515NR.jpg | plates=1 | candidates=3 | elapsed=8.73s
2026-03-06 10:46:48,021 | INFO | plate_detector | analyze_image START | image=C:\Users\tomas\OneDrive\Documentos\vscodepy\LectorFinal\autos\GAS508.jpg
2026-03-06 10:46:48,231 | INFO | plate_detector | process_image | candidates=4
2026-03-06 10:46:56,564 | INFO | plate_detector | process_image SUMMARY | plates=1 | discarded_prefilter=3 | discarded_invalid=0
2026-03-06 10:46:56,564 | INFO | plate_detector | analyze_image DONE | image=C:\Users\tomas\OneDrive\Documentos\vscodepy\LectorFinal\autos\GAS508.jpg | plates=1 | candidates=4 | elapsed=8.54s
2026-03-06 10:46:56,564 | INFO | plate_detector | analyze_image START | image=C:\Users\tomas\OneDrive\Documentos\vscodepy\LectorFinal\autos\IVX112.jpg
2026-03-06 10:46:56,787 | INFO | plate_detector | process_image | candidates=4
2026-03-06 10:47:07,778 | INFO | plate_detector | process_image SUMMARY | plates=1 | discarded_prefilter=3 | discarded_invalid=0
2026-03-06 10:47:07,778 | INFO | plate_detector | analyze_image DONE | image=C:\Users\tomas\OneDrive\Documentos\vscodepy\LectorFinal\autos\IVX112.jpg | plates=1 | candidates=4 | elapsed=11.21s
2026-03-06 10:47:07,778 | INFO | plate_detector | analyze_image START | image=C:\Users\tomas\OneDrive\Documentos\vscodepy\LectorFinal\autos\JDA763.jpeg
2026-03-06 10:47:07,967 | INFO | plate_detector | process_image | candidates=7
2026-03-06 10:47:17,451 | INFO | plate_detector | process_image SUMMARY | plates=1 | discarded_prefilter=6 | discarded_invalid=0
2026-03-06 10:47:17,451 | INFO | plate_detector | analyze_image DONE | image=C:\Users\tomas\OneDrive\Documentos\vscodepy\LectorFinal\autos\JDA763.jpeg | plates=1 | candidates=7 | elapsed=9.67s
2026-03-06 10:50:33,523 | INFO | plate_detector | analyze_image START | image=C:\Users\tomas\OneDrive\Documentos\vscodepy\LectorFinal\autos\565559_1_im.jpg
2026-03-06 10:50:36,745 | INFO | plate_detector | process_image | candidates=4
2026-03-06 10:50:39,847 | WARNING | easyocr.easyocr | Using CPU. Note: This module is much faster with a GPU.
2026-03-06 10:50:54,770 | INFO | plate_detector | process_image SUMMARY | plates=1 | discarded_prefilter=3 | discarded_invalid=0
2026-03-06 10:50:54,773 | INFO | plate_detector | analyze_image DONE | image=C:\Users\tomas\OneDrive\Documentos\vscodepy\LectorFinal\autos\565559_1_im.jpg | plates=1 | candidates=4 | elapsed=21.25s
2026-03-06 10:50:54,773 | INFO | plate_detector | analyze_image START | image=C:\Users\tomas\OneDrive\Documentos\vscodepy\LectorFinal\autos\AA021ID.jpg
2026-03-06 10:50:55,211 | INFO | plate_detector | process_image | candidates=4
2026-03-06 10:50:56,077 | INFO | plate_detector | process_image SUMMARY | plates=0 | discarded_prefilter=4 | discarded_invalid=0
2026-03-06 10:50:56,077 | INFO | plate_detector | analyze_image DONE | image=C:\Users\tomas\OneDrive\Documentos\vscodepy\LectorFinal\autos\AA021ID.jpg | plates=0 | candidates=4 | elapsed=1.30s
2026-03-06 10:50:56,077 | INFO | plate_detector | analyze_image START | image=C:\Users\tomas\OneDrive\Documentos\vscodepy\LectorFinal\autos\AB123CD.jpg
2026-03-06 10:50:56,310 | INFO | plate_detector | process_image | candidates=8
2026-03-06 10:51:06,709 | INFO | plate_detector | process_image SUMMARY | plates=1 | discarded_prefilter=7 | discarded_invalid=0
2026-03-06 10:51:06,709 | INFO | plate_detector | analyze_image DONE | image=C:\Users\tomas\OneDrive\Documentos\vscodepy\LectorFinal\autos\AB123CD.jpg | plates=1 | candidates=8 | elapsed=10.63s
2026-03-06 10:51:06,709 | INFO | plate_detector | analyze_image START | image=C:\Users\tomas\OneDrive\Documentos\vscodepy\LectorFinal\autos\AC778KP.jpg
2026-03-06 10:51:06,993 | INFO | plate_detector | process_image | candidates=5
2026-03-06 10:51:18,127 | INFO | plate_detector | process_image SUMMARY | plates=1 | discarded_prefilter=4 | discarded_invalid=0
2026-03-06 10:51:18,127 | INFO | plate_detector | analyze_image DONE | image=C:\Users\tomas\OneDrive\Documentos\vscodepy\LectorFinal\autos\AC778KP.jpg | plates=1 | candidates=5 | elapsed=11.42s
2026-03-06 10:51:18,129 | INFO | plate_detector | analyze_image START | image=C:\Users\tomas\OneDrive\Documentos\vscodepy\LectorFinal\autos\AD.jpg
2026-03-06 10:51:18,379 | INFO | plate_detector | process_image | candidates=2
2026-03-06 10:51:18,905 | INFO | plate_detector | process_image SUMMARY | plates=0 | discarded_prefilter=2 | discarded_invalid=0
2026-03-06 10:51:18,905 | INFO | plate_detector | analyze_image DONE | image=C:\Users\tomas\OneDrive\Documentos\vscodepy\LectorFinal\autos\AD.jpg | plates=0 | candidates=2 | elapsed=0.78s
2026-03-06 10:51:18,905 | INFO | plate_detector | analyze_image START | image=C:\Users\tomas\OneDrive\Documentos\vscodepy\LectorFinal\autos\AD750EX.jpg
2026-03-06 10:51:19,131 | INFO | plate_detector | process_image | candidates=2
2026-03-06 10:51:19,648 | INFO | plate_detector | process_image SUMMARY | plates=0 | discarded_prefilter=2 | discarded_invalid=0
2026-03-06 10:51:19,648 | INFO | plate_detector | analyze_image DONE | image=C:\Users\tomas\OneDrive\Documentos\vscodepy\LectorFinal\autos\AD750EX.jpg | plates=0 | candidates=2 | elapsed=0.74s
2026-03-06 10:51:19,648 | INFO | plate_detector | analyze_image START | image=C:\Users\tomas\OneDrive\Documentos\vscodepy\LectorFinal\autos\AE486WE.jpg
2026-03-06 10:51:19,956 | INFO | plate_detector | process_image | candidates=4
2026-03-06 10:51:38,148 | INFO | plate_detector | process_image SUMMARY | plates=1 | discarded_prefilter=3 | discarded_invalid=0
2026-03-06 10:51:38,148 | INFO | plate_detector | analyze_image DONE | image=C:\Users\tomas\OneDrive\Documentos\vscodepy\LectorFinal\autos\AE486WE.jpg | plates=1 | candidates=4 | elapsed=18.50s
2026-03-06 10:51:38,148 | INFO | plate_detector | analyze_image START | image=C:\Users\tomas\OneDrive\Documentos\vscodepy\LectorFinal\autos\AG515NR.jpg
2026-03-06 10:51:38,379 | INFO | plate_detector | process_image | candidates=3
2026-03-06 10:51:47,455 | INFO | plate_detector | process_image SUMMARY | plates=1 | discarded_prefilter=2 | discarded_invalid=0
2026-03-06 10:51:47,455 | INFO | plate_detector | analyze_image DONE | image=C:\Users\tomas\OneDrive\Documentos\vscodepy\LectorFinal\autos\AG515NR.jpg | plates=1 | candidates=3 | elapsed=9.31s
2026-03-06 10:51:47,455 | INFO | plate_detector | analyze_image START | image=C:\Users\tomas\OneDrive\Documentos\vscodepy\LectorFinal\autos\GAS508.jpg
2026-03-06 10:51:47,684 | INFO | plate_detector | process_image | candidates=4
2026-03-06 10:51:56,489 | INFO | plate_detector | process_image SUMMARY | plates=1 | discarded_prefilter=3 | discarded_invalid=0
2026-03-06 10:51:56,489 | INFO | plate_detector | analyze_image DONE | image=C:\Users\tomas\OneDrive\Documentos\vscodepy\LectorFinal\autos\GAS508.jpg | plates=1 | candidates=4 | elapsed=9.03s
2026-03-06 10:51:56,491 | INFO | plate_detector | analyze_image START | image=C:\Users\tomas\OneDrive\Documentos\vscodepy\LectorFinal\autos\IVX112.jpg
2026-03-06 10:51:56,742 | INFO | plate_detector | process_image | candidates=4
2026-03-06 10:52:08,577 | INFO | plate_detector | process_image SUMMARY | plates=1 | discarded_prefilter=3 | discarded_invalid=0
2026-03-06 10:52:08,577 | INFO | plate_detector | analyze_image DONE | image=C:\Users\tomas\OneDrive\Documentos\vscodepy\LectorFinal\autos\IVX112.jpg | plates=1 | candidates=4 | elapsed=12.09s
2026-03-06 10:52:08,577 | INFO | plate_detector | analyze_image START | image=C:\Users\tomas\OneDrive\Documentos\vscodepy\LectorFinal\autos\JDA763.jpeg
2026-03-06 10:52:08,754 | INFO | plate_detector | process_image | candidates=7
2026-03-06 10:52:18,709 | INFO | plate_detector | process_image SUMMARY | plates=1 | discarded_prefilter=6 | discarded_invalid=0
2026-03-06 10:52:18,709 | INFO | plate_detector | analyze_image DONE | image=C:\Users\tomas\OneDrive\Documentos\vscodepy\LectorFinal\autos\JDA763.jpeg | plates=1 | candidates=7 | elapsed=10.13s
2026-03-06 10:57:59,622 | INFO | plate_detector | analyze_image START | image=C:\Users\tomas\OneDrive\Documentos\vscodepy\LectorFinal\autos\565559_1_im.jpg
2026-03-06 10:58:04,998 | INFO | plate_detector | process_image | candidates=4
2026-03-06 10:58:09,728 | WARNING | easyocr.easyocr | Using CPU. Note: This module is much faster with a GPU.
2026-03-06 10:58:31,265 | INFO | plate_detector | process_image SUMMARY | plates=1 | discarded_prefilter=3 | discarded_invalid=0
2026-03-06 10:58:31,265 | INFO | plate_detector | analyze_image DONE | image=C:\Users\tomas\OneDrive\Documentos\vscodepy\LectorFinal\autos\565559_1_im.jpg | plates=1 | candidates=4 | elapsed=31.64s
2026-03-06 10:58:31,265 | INFO | plate_detector | analyze_image START | image=C:\Users\tomas\OneDrive\Documentos\vscodepy\LectorFinal\autos\AA021ID.jpg
2026-03-06 10:58:31,855 | INFO | plate_detector | process_image | candidates=4
2026-03-06 10:58:33,287 | INFO | plate_detector | process_image SUMMARY | plates=0 | discarded_prefilter=4 | discarded_invalid=0
2026-03-06 10:58:33,289 | INFO | plate_detector | analyze_image DONE | image=C:\Users\tomas\OneDrive\Documentos\vscodepy\LectorFinal\autos\AA021ID.jpg | plates=0 | candidates=4 | elapsed=2.02s
2026-03-06 10:58:33,291 | INFO | plate_detector | analyze_image START | image=C:\Users\tomas\OneDrive\Documentos\vscodepy\LectorFinal\autos\AB123CD.jpg
2026-03-06 10:58:33,718 | INFO | plate_detector | process_image | candidates=8
2026-03-06 10:58:46,724 | INFO | plate_detector | process_image SUMMARY | plates=1 | discarded_prefilter=7 | discarded_invalid=0
2026-03-06 10:58:46,724 | INFO | plate_detector | analyze_image DONE | image=C:\Users\tomas\OneDrive\Documentos\vscodepy\LectorFinal\autos\AB123CD.jpg | plates=1 | candidates=8 | elapsed=13.43s
2026-03-06 10:58:46,724 | INFO | plate_detector | analyze_image START | image=C:\Users\tomas\OneDrive\Documentos\vscodepy\LectorFinal\autos\AC778KP.jpg
2026-03-06 10:58:47,071 | INFO | plate_detector | process_image | candidates=5
2026-03-06 10:58:59,021 | INFO | plate_detector | process_image SUMMARY | plates=1 | discarded_prefilter=4 | discarded_invalid=0
2026-03-06 10:58:59,021 | INFO | plate_detector | analyze_image DONE | image=C:\Users\tomas\OneDrive\Documentos\vscodepy\LectorFinal\autos\AC778KP.jpg | plates=1 | candidates=5 | elapsed=12.30s
2026-03-06 10:58:59,021 | INFO | plate_detector | analyze_image START | image=C:\Users\tomas\OneDrive\Documentos\vscodepy\LectorFinal\autos\AD.jpg
2026-03-06 10:58:59,311 | INFO | plate_detector | process_image | candidates=2
2026-03-06 10:58:59,888 | INFO | plate_detector | process_image SUMMARY | plates=0 | discarded_prefilter=2 | discarded_invalid=0
2026-03-06 10:58:59,890 | INFO | plate_detector | analyze_image DONE | image=C:\Users\tomas\OneDrive\Documentos\vscodepy\LectorFinal\autos\AD.jpg | plates=0 | candidates=2 | elapsed=0.87s
2026-03-06 10:58:59,890 | INFO | plate_detector | analyze_image START | image=C:\Users\tomas\OneDrive\Documentos\vscodepy\LectorFinal\autos\AD750EX.jpg
2026-03-06 10:59:00,156 | INFO | plate_detector | process_image | candidates=2
2026-03-06 10:59:00,758 | INFO | plate_detector | process_image SUMMARY | plates=0 | discarded_prefilter=2 | discarded_invalid=0
2026-03-06 10:59:00,760 | INFO | plate_detector | analyze_image DONE | image=C:\Users\tomas\OneDrive\Documentos\vscodepy\LectorFinal\autos\AD750EX.jpg | plates=0 | candidates=2 | elapsed=0.87s
2026-03-06 10:59:00,760 | INFO | plate_detector | analyze_image START | image=C:\Users\tomas\OneDrive\Documentos\vscodepy\LectorFinal\autos\AE486WE.jpg
2026-03-06 10:59:01,081 | INFO | plate_detector | process_image | candidates=4
2026-03-06 10:59:20,605 | INFO | plate_detector | process_image SUMMARY | plates=1 | discarded_prefilter=3 | discarded_invalid=0
2026-03-06 10:59:20,605 | INFO | plate_detector | analyze_image DONE | image=C:\Users\tomas\OneDrive\Documentos\vscodepy\LectorFinal\autos\AE486WE.jpg | plates=1 | candidates=4 | elapsed=19.84s
2026-03-06 10:59:20,605 | INFO | plate_detector | analyze_image START | image=C:\Users\tomas\OneDrive\Documentos\vscodepy\LectorFinal\autos\AG515NR.jpg
2026-03-06 10:59:20,846 | INFO | plate_detector | process_image | candidates=3
2026-03-06 10:59:33,375 | INFO | plate_detector | process_image SUMMARY | plates=1 | discarded_prefilter=2 | discarded_invalid=0
2026-03-06 10:59:33,375 | INFO | plate_detector | analyze_image DONE | image=C:\Users\tomas\OneDrive\Documentos\vscodepy\LectorFinal\autos\AG515NR.jpg | plates=1 | candidates=3 | elapsed=12.77s
2026-03-06 10:59:33,375 | INFO | plate_detector | analyze_image START | image=C:\Users\tomas\OneDrive\Documentos\vscodepy\LectorFinal\autos\GAS508.jpg
2026-03-06 10:59:33,790 | INFO | plate_detector | process_image | candidates=4
2026-03-06 10:59:47,993 | INFO | plate_detector | process_image SUMMARY | plates=1 | discarded_prefilter=3 | discarded_invalid=0
2026-03-06 10:59:47,993 | INFO | plate_detector | analyze_image DONE | image=C:\Users\tomas\OneDrive\Documentos\vscodepy\LectorFinal\autos\GAS508.jpg | plates=1 | candidates=4 | elapsed=14.62s
2026-03-06 10:59:47,993 | INFO | plate_detector | analyze_image START | image=C:\Users\tomas\OneDrive\Documentos\vscodepy\LectorFinal\autos\IVX112.jpg
2026-03-06 10:59:48,328 | INFO | plate_detector | process_image | candidates=4
2026-03-06 11:00:04,916 | INFO | plate_detector | process_image SUMMARY | plates=1 | discarded_prefilter=3 | discarded_invalid=0
2026-03-06 11:00:04,918 | INFO | plate_detector | analyze_image DONE | image=C:\Users\tomas\OneDrive\Documentos\vscodepy\LectorFinal\autos\IVX112.jpg | plates=1 | candidates=4 | elapsed=16.93s
2026-03-06 11:00:04,918 | INFO | plate_detector | analyze_image START | image=C:\Users\tomas\OneDrive\Documentos\vscodepy\LectorFinal\autos\JDA763.jpeg
2026-03-06 11:00:05,175 | INFO | plate_detector | process_image | candidates=7
2026-03-06 11:00:14,269 | INFO | plate_detector | process_image SUMMARY | plates=1 | discarded_prefilter=6 | discarded_invalid=0
2026-03-06 11:00:14,269 | INFO | plate_detector | analyze_image DONE | image=C:\Users\tomas\OneDrive\Documentos\vscodepy\LectorFinal\autos\JDA763.jpeg | plates=1 | candidates=7 | elapsed=9.35s
2026-03-06 11:04:20,675 | INFO | plate_detector | analyze_image START | image=C:\Users\tomas\OneDrive\Documentos\vscodepy\LectorFinal\autos\565559_1_im.jpg
2026-03-06 11:04:23,792 | INFO | plate_detector | process_image | candidates=4
2026-03-06 11:04:26,518 | WARNING | easyocr.easyocr | Using CPU. Note: This module is much faster with a GPU.
2026-03-06 11:04:41,150 | INFO | plate_detector | process_image SUMMARY | plates=1 | discarded_prefilter=3 | discarded_invalid=0
2026-03-06 11:04:41,152 | INFO | plate_detector | analyze_image DONE | image=C:\Users\tomas\OneDrive\Documentos\vscodepy\LectorFinal\autos\565559_1_im.jpg | plates=1 | candidates=4 | elapsed=20.48s
2026-03-06 11:04:41,152 | INFO | plate_detector | analyze_image START | image=C:\Users\tomas\OneDrive\Documentos\vscodepy\LectorFinal\autos\AA021ID.jpg
2026-03-06 11:04:41,538 | INFO | plate_detector | process_image | candidates=4
2026-03-06 11:04:42,352 | INFO | plate_detector | process_image SUMMARY | plates=0 | discarded_prefilter=4 | discarded_invalid=0
2026-03-06 11:04:42,353 | INFO | plate_detector | analyze_image DONE | image=C:\Users\tomas\OneDrive\Documentos\vscodepy\LectorFinal\autos\AA021ID.jpg | plates=0 | candidates=4 | elapsed=1.20s
2026-03-06 11:04:42,353 | INFO | plate_detector | analyze_image START | image=C:\Users\tomas\OneDrive\Documentos\vscodepy\LectorFinal\autos\AB123CD.jpg
2026-03-06 11:04:42,562 | INFO | plate_detector | process_image | candidates=8
2026-03-06 11:04:52,710 | INFO | plate_detector | process_image SUMMARY | plates=1 | discarded_prefilter=7 | discarded_invalid=0
2026-03-06 11:04:52,712 | INFO | plate_detector | analyze_image DONE | image=C:\Users\tomas\OneDrive\Documentos\vscodepy\LectorFinal\autos\AB123CD.jpg | plates=1 | candidates=8 | elapsed=10.36s
2026-03-06 11:04:52,712 | INFO | plate_detector | analyze_image START | image=C:\Users\tomas\OneDrive\Documentos\vscodepy\LectorFinal\autos\AC778KP.jpg
2026-03-06 11:04:53,004 | INFO | plate_detector | process_image | candidates=5
2026-03-06 11:05:02,868 | INFO | plate_detector | process_image SUMMARY | plates=1 | discarded_prefilter=4 | discarded_invalid=0
2026-03-06 11:05:02,869 | INFO | plate_detector | analyze_image DONE | image=C:\Users\tomas\OneDrive\Documentos\vscodepy\LectorFinal\autos\AC778KP.jpg | plates=1 | candidates=5 | elapsed=10.16s
2026-03-06 11:05:02,869 | INFO | plate_detector | analyze_image START | image=C:\Users\tomas\OneDrive\Documentos\vscodepy\LectorFinal\autos\AD.jpg
2026-03-06 11:05:03,071 | INFO | plate_detector | process_image | candidates=2
2026-03-06 11:05:03,508 | INFO | plate_detector | process_image SUMMARY | plates=0 | discarded_prefilter=2 | discarded_invalid=0
2026-03-06 11:05:03,508 | INFO | plate_detector | analyze_image DONE | image=C:\Users\tomas\OneDrive\Documentos\vscodepy\LectorFinal\autos\AD.jpg | plates=0 | candidates=2 | elapsed=0.64s
2026-03-06 11:05:03,508 | INFO | plate_detector | analyze_image START | image=C:\Users\tomas\OneDrive\Documentos\vscodepy\LectorFinal\autos\AD750EX.jpg
2026-03-06 11:05:03,691 | INFO | plate_detector | process_image | candidates=2
2026-03-06 11:05:04,144 | INFO | plate_detector | process_image SUMMARY | plates=0 | discarded_prefilter=2 | discarded_invalid=0
2026-03-06 11:05:04,144 | INFO | plate_detector | analyze_image DONE | image=C:\Users\tomas\OneDrive\Documentos\vscodepy\LectorFinal\autos\AD750EX.jpg | plates=0 | candidates=2 | elapsed=0.64s
2026-03-06 11:05:04,146 | INFO | plate_detector | analyze_image START | image=C:\Users\tomas\OneDrive\Documentos\vscodepy\LectorFinal\autos\AE486WE.jpg
2026-03-06 11:05:04,488 | INFO | plate_detector | process_image | candidates=4
2026-03-06 11:05:20,360 | INFO | plate_detector | process_image SUMMARY | plates=1 | discarded_prefilter=3 | discarded_invalid=0
2026-03-06 11:05:20,360 | INFO | plate_detector | analyze_image DONE | image=C:\Users\tomas\OneDrive\Documentos\vscodepy\LectorFinal\autos\AE486WE.jpg | plates=1 | candidates=4 | elapsed=16.21s
2026-03-06 11:05:20,360 | INFO | plate_detector | analyze_image START | image=C:\Users\tomas\OneDrive\Documentos\vscodepy\LectorFinal\autos\AG515NR.jpg
2026-03-06 11:05:20,513 | INFO | plate_detector | process_image | candidates=3
2026-03-06 11:05:29,347 | INFO | plate_detector | process_image SUMMARY | plates=1 | discarded_prefilter=2 | discarded_invalid=0
2026-03-06 11:05:29,347 | INFO | plate_detector | analyze_image DONE | image=C:\Users\tomas\OneDrive\Documentos\vscodepy\LectorFinal\autos\AG515NR.jpg | plates=1 | candidates=3 | elapsed=8.99s
2026-03-06 11:05:29,347 | INFO | plate_detector | analyze_image START | image=C:\Users\tomas\OneDrive\Documentos\vscodepy\LectorFinal\autos\GAS508.jpg
2026-03-06 11:05:29,578 | INFO | plate_detector | process_image | candidates=4
2026-03-06 11:05:38,387 | INFO | plate_detector | process_image SUMMARY | plates=1 | discarded_prefilter=3 | discarded_invalid=0
2026-03-06 11:05:38,387 | INFO | plate_detector | analyze_image DONE | image=C:\Users\tomas\OneDrive\Documentos\vscodepy\LectorFinal\autos\GAS508.jpg | plates=1 | candidates=4 | elapsed=9.04s
2026-03-06 11:05:38,387 | INFO | plate_detector | analyze_image START | image=C:\Users\tomas\OneDrive\Documentos\vscodepy\LectorFinal\autos\IVX112.jpg
2026-03-06 11:05:38,621 | INFO | plate_detector | process_image | candidates=4
2026-03-06 11:05:50,460 | INFO | plate_detector | process_image SUMMARY | plates=1 | discarded_prefilter=3 | discarded_invalid=0
2026-03-06 11:05:50,460 | INFO | plate_detector | analyze_image DONE | image=C:\Users\tomas\OneDrive\Documentos\vscodepy\LectorFinal\autos\IVX112.jpg | plates=1 | candidates=4 | elapsed=12.07s
2026-03-06 11:05:50,462 | INFO | plate_detector | analyze_image START | image=C:\Users\tomas\OneDrive\Documentos\vscodepy\LectorFinal\autos\JDA763.jpeg
2026-03-06 11:05:50,644 | INFO | plate_detector | process_image | candidates=7
2026-03-06 11:06:00,647 | INFO | plate_detector | process_image SUMMARY | plates=1 | discarded_prefilter=6 | discarded_invalid=0
2026-03-06 11:06:00,647 | INFO | plate_detector | analyze_image DONE | image=C:\Users\tomas\OneDrive\Documentos\vscodepy\LectorFinal\autos\JDA763.jpeg | plates=1 | candidates=7 | elapsed=10.19s
2026-03-06 15:12:36,052 | INFO | django.utils.autoreload | Watching for file changes with StatReloader
2026-03-06 15:12:40,871 | INFO | django.server | "GET / HTTP/1.1" 302 0
2026-03-06 15:12:42,066 | INFO | django.server | "GET /dashboard/ HTTP/1.1" 200 45881
2026-03-06 15:12:42,624 | INFO | django.server | "GET /media/analyzed/2026/03/06/auto228_A44Jv1n.jpg HTTP/1.1" 304 0
2026-03-06 15:12:42,632 | INFO | django.server | "GET /media/analyzed/2026/03/06/images_5_Ndbmoef.jpg HTTP/1.1" 304 0
2026-03-06 15:12:42,645 | INFO | django.server | "GET /media/analyzed/2026/03/06/s8d1o0yuw7p91.jpg HTTP/1.1" 304 0
2026-03-06 15:12:42,676 | INFO | django.server | "GET /media/analyzed/2026/03/06/565559_1_im_eqtdCLQ.jpg HTTP/1.1" 304 0
2026-03-06 15:12:42,796 | INFO | django.server | "GET /media/analyzed/2026/03/06/NPAZ_888c03e1a35846d8a9178930be95b1991_l6693F9.jpg HTTP/1.1" 304 0
2026-03-06 15:12:43,009 | INFO | django.server | "GET /media/analyzed/2026/03/06/AA021ID_Zcg7l3O.jpg HTTP/1.1" 200 358112
2026-03-06 15:12:43,028 | INFO | django.server | "GET /media/analyzed/2026/03/06/recall-patente-mercosurjpg_9Qpl182.webp HTTP/1.1" 200 57404
2026-03-06 15:12:43,064 | INFO | django.server | "GET /media/analyzed/2026/03/06/RT_PU_38fc7098ead54e62a7c651cd13f0aaa6_SBMfXtZ.jpg HTTP/1.1" 200 29702
2026-03-06 15:12:50,149 | INFO | django.server | "GET /vehicles/ HTTP/1.1" 200 13175
2026-03-06 15:13:03,682 | INFO | django.server | "POST /vehicles/ HTTP/1.1" 200 13294
2026-03-06 15:13:09,587 | INFO | django.server | "POST /vehicles/ HTTP/1.1" 200 13294
2026-03-06 15:13:15,160 | INFO | django.server | "POST /vehicles/ HTTP/1.1" 200 13294
2026-03-06 15:13:19,296 | INFO | django.server | "POST /vehicles/ HTTP/1.1" 200 13294
2026-03-06 15:13:20,064 | INFO | django.server | "GET /static/icon/car.png HTTP/1.1" 200 445
2026-03-06 15:13:23,233 | INFO | django.server | "GET /image-analysis/ HTTP/1.1" 200 27653
2026-03-06 15:13:27,388 | INFO | django.server | "GET /analysis/89/delete/ HTTP/1.1" 302 0
2026-03-06 15:13:27,417 | INFO | django.server | "GET /image-analysis/ HTTP/1.1" 200 28114
2026-03-06 15:13:29,540 | INFO | django.server | "GET /vehicles/ HTTP/1.1" 200 13175
2026-03-06 15:13:31,448 | INFO | django.server | "GET /settings/ HTTP/1.1" 200 21471
2026-03-06 15:13:33,006 | INFO | django.server | "GET /plates/ HTTP/1.1" 200 164571
2026-03-06 15:13:33,229 | INFO | django.server | "GET /media/analyzed/2026/03/06/AB123CD_33t5vJt.jpg HTTP/1.1" 304 0
2026-03-06 15:13:33,235 | INFO | django.server | "GET /media/analyzed/2026/03/06/565559_1_im.jpg HTTP/1.1" 304 0
2026-03-06 15:13:33,242 | INFO | django.server | "GET /media/analyzed/2026/03/06/AC778KP_aaTEG3h.jpg HTTP/1.1" 200 93707
2026-03-06 15:13:33,302 | INFO | django.server | "GET /media/analyzed/2026/03/06/NPAZ_888c03e1a35846d8a9178930be95b1991.jpg HTTP/1.1" 304 0
2026-03-06 15:13:33,328 | INFO | django.server | "GET /media/analyzed/2026/03/06/RT_PU_38fc7098ead54e62a7c651cd13f0aaa6.jpg HTTP/1.1" 304 0
2026-03-06 15:13:33,328 | INFO | django.server | "GET /media/analyzed/2026/03/06/images_5.jpg HTTP/1.1" 304 0
2026-03-06 15:13:33,374 | INFO | django.server | "GET /media/analyzed/2026/03/06/AC778KP_WFbmnTv.jpg HTTP/1.1" 304 0
2026-03-06 15:13:33,381 | INFO | django.server | "GET /media/analyzed/2026/03/06/auto228.jpg HTTP/1.1" 304 0
2026-03-06 15:13:33,385 | INFO | django.server | "GET /media/analyzed/2026/03/06/WhatsApp_Image_2025-10-24_at_18_23tEFll.33.38.jpeg HTTP/1.1" 200 95947
2026-03-06 15:13:33,431 | INFO | django.server | "GET /media/analyzed/2026/03/06/AB123CD_JZ8dD4y.jpg HTTP/1.1" 304 0
2026-03-06 15:13:33,461 | INFO | django.server | "GET /media/analyzed/2026/03/06/GAS508_bbEG6wP.jpg HTTP/1.1" 304 0
2026-03-06 15:13:33,468 | INFO | django.server | "GET /media/analyzed/2026/03/06/TITO-Patente-02.jpg HTTP/1.1" 304 0
2026-03-06 15:13:33,493 | INFO | django.server | "GET /media/analyzed/2026/03/06/AB803SX.jpg HTTP/1.1" 304 0
2026-03-06 15:13:33,493 | INFO | django.server | "GET /media/analyzed/2026/03/06/AF354NU.jpg HTTP/1.1" 304 0
2026-03-06 15:13:33,522 | INFO | django.server | "GET /media/analyzed/2026/03/06/AE486WE.jpg HTTP/1.1" 304 0
2026-03-06 15:13:33,522 | INFO | django.server | "GET /media/analyzed/2026/03/06/AA021ID.jpg HTTP/1.1" 304 0
2026-03-06 15:13:33,537 | INFO | django.server | "GET /media/analyzed/2026/03/06/AB123CD_a80hSmI.jpg HTTP/1.1" 304 0
2026-03-06 15:13:33,541 | INFO | django.server | "GET /media/analyzed/2026/03/06/AB123CD_Fd7TzvE.jpg HTTP/1.1" 304 0
2026-03-06 15:13:33,546 | INFO | django.server | "GET /media/analyzed/2026/03/06/GAS508.jpg HTTP/1.1" 304 0
2026-03-06 15:13:33,546 | INFO | django.server | "GET /media/analyzed/2026/03/06/WhatsApp_Image_2026-03-05_at_17_OAvzSNa.36.17.jpeg HTTP/1.1" 304 0
2026-03-06 15:13:33,646 | INFO | django.server | "GET /media/analyzed/2026/03/06/WhatsApp_Image_2025-10-23_at_13.14.05.jpeg HTTP/1.1" 304 0
2026-03-06 15:13:33,649 | INFO | django.server | "GET /media/analyzed/2026/03/06/WhatsApp_Image_2025-10-24_at_18.33.38.jpeg HTTP/1.1" 304 0
2026-03-06 15:13:33,652 | INFO | django.server | "GET /media/analyzed/2026/03/06/AC778KP_Ho2vUQX.jpg HTTP/1.1" 304 0
2026-03-06 15:13:33,652 | INFO | django.server | "GET /media/analyzed/2026/03/06/AB123CD_dg90afR.jpg HTTP/1.1" 304 0
2026-03-06 15:13:33,652 | INFO | django.server | "GET /media/analyzed/2026/03/05/AB123CD_hdRt3af.jpg HTTP/1.1" 304 0
2026-03-06 15:13:36,652 | INFO | django.server | "GET /dashboard/ HTTP/1.1" 200 45874
2026-03-06 15:13:36,927 | INFO | django.server | "GET /media/analyzed/2026/03/06/images_1.jpg HTTP/1.1" 200 7665
2026-03-06 15:13:43,233 | INFO | django.server | "GET /plates/ HTTP/1.1" 200 164571
2026-03-06 15:13:44,817 | INFO | django.server | "GET /vehicles/ HTTP/1.1" 200 13175
2026-03-06 15:15:18,912 | INFO | django.server | "GET /vehicles/ HTTP/1.1" 200 13175
2026-03-06 15:15:30,480 | INFO | django.server | "POST /vehicles/ HTTP/1.1" 200 13294
2026-03-06 15:15:57,434 | INFO | django.server | "POST /vehicles/ HTTP/1.1" 200 13294
2026-03-06 15:15:58,947 | INFO | django.server | "POST /vehicles/ HTTP/1.1" 200 13294
2026-03-06 15:16:01,541 | INFO | django.server | "POST /vehicles/ HTTP/1.1" 200 13294
2026-03-06 15:16:02,083 | INFO | django.server | "GET /static/icon/car.png HTTP/1.1" 200 445
2026-03-06 15:16:03,004 | INFO | django.server | "POST /vehicles/ HTTP/1.1" 200 13294
2026-03-06 15:16:44,485 | INFO | django.server | "GET /logout/ HTTP/1.1" 302 0
2026-03-06 15:16:44,570 | INFO | django.server | "GET / HTTP/1.1" 200 9408
2026-03-06 15:16:55,019 | INFO | django.server | "POST / HTTP/1.1" 302 0
2026-03-06 15:16:55,115 | INFO | django.server | "GET /dashboard/ HTTP/1.1" 200 45874
2026-03-06 15:16:58,473 | INFO | django.server | "GET /vehicles/ HTTP/1.1" 200 13175
2026-03-06 15:17:06,348 | INFO | django.server | "POST /vehicles/ HTTP/1.1" 302 0
2026-03-06 15:17:06,376 | INFO | django.server | "GET /vehicles/ HTTP/1.1" 200 14380
2026-03-06 15:17:14,585 | INFO | django.server | "GET /vehicles/delete/5/ HTTP/1.1" 302 0
2026-03-06 15:17:14,642 | INFO | django.server | "GET /vehicles/ HTTP/1.1" 200 14466
2026-03-06 15:17:17,279 | INFO | django.server | "GET /vehicles/reactivate/5/ HTTP/1.1" 302 0
2026-03-06 15:17:17,306 | INFO | django.server | "GET /vehicles/ HTTP/1.1" 200 14679
2026-03-06 15:17:19,821 | INFO | django.server | "GET /vehicles/edit/5/ HTTP/1.1" 200 10813
2026-03-06 15:17:23,530 | INFO | django.server | "GET /vehicles/ HTTP/1.1" 200 14380
2026-03-06 15:20:48,253 | INFO | django.server | "GET /image-analysis/ HTTP/1.1" 200 27830
2026-03-06 15:20:53,963 | INFO | django.server | "GET /plates/ HTTP/1.1" 200 164571
2026-03-06 15:20:55,765 | INFO | django.server | "GET /vehicles/ HTTP/1.1" 200 14380
2026-03-06 15:22:00,465 | INFO | django.server | "POST /vehicles/ HTTP/1.1" 302 0
2026-03-06 15:22:00,496 | INFO | django.server | "GET /vehicles/ HTTP/1.1" 200 15815
2026-03-06 15:22:02,980 | INFO | django.server | "GET /vehicles/edit/5/ HTTP/1.1" 200 10813
2026-03-06 15:22:11,901 | INFO | django.server | "POST /vehicles/edit/5/ HTTP/1.1" 302 0
2026-03-06 15:22:11,935 | INFO | django.server | "GET /vehicles/ HTTP/1.1" 200 16110
2026-03-06 15:22:15,908 | INFO | django.server | "GET /image-analysis/ HTTP/1.1" 200 27830
2026-03-06 15:22:30,878 | INFO | plate_detector | analyze_image START | image=C:\Users\tomas\OneDrive\Documentos\vscodepy\LectorFinal\media\analyzed\2026\03\06\IVX112.jpg
2026-03-06 15:22:41,541 | INFO | plate_detector | process_image | candidates=4
2026-03-06 15:22:53,591 | WARNING | easyocr.easyocr | Using CPU. Note: This module is much faster with a GPU.
2026-03-06 15:23:17,327 | INFO | plate_detector | process_image SUMMARY | plates=1 | discarded_prefilter=3 | discarded_invalid=0
2026-03-06 15:23:17,327 | INFO | plate_detector | analyze_image DONE | image=C:\Users\tomas\OneDrive\Documentos\vscodepy\LectorFinal\media\analyzed\2026\03\06\IVX112.jpg | plates=1 | candidates=4 | elapsed=46.45s
2026-03-06 15:23:17,386 | INFO | django.server | "POST /upload-analyze/ HTTP/1.1" 302 0
2026-03-06 15:23:17,413 | INFO | django.server | "GET /image-analysis/ HTTP/1.1" 200 28122
2026-03-06 15:23:22,166 | INFO | django.server | "GET /vehicles/ HTTP/1.1" 200 15819
2026-03-06 15:23:23,574 | INFO | django.server | "GET /plates/ HTTP/1.1" 200 169570
2026-03-06 15:23:23,867 | INFO | django.server | "GET /media/analyzed/2026/03/06/IVX112.jpg HTTP/1.1" 200 72168
2026-03-06 15:23:34,919 | INFO | django.server | "GET /vehicles/ HTTP/1.1" 200 15819
2026-03-06 15:23:48,468 | INFO | django.server | "POST /vehicles/ HTTP/1.1" 302 0
2026-03-06 15:23:48,490 | INFO | django.server | "GET /vehicles/ HTTP/1.1" 200 17253
2026-03-06 15:23:52,378 | INFO | django.server | "GET /image-analysis/ HTTP/1.1" 200 27808
2026-03-06 15:24:03,500 | INFO | plate_detector | analyze_image START | image=C:\Users\tomas\OneDrive\Documentos\vscodepy\LectorFinal\media\analyzed\2026\03\06\IVX112_FrgZ87s.jpg
2026-03-06 15:24:04,133 | INFO | plate_detector | process_image | candidates=4
2026-03-06 15:24:27,492 | INFO | plate_detector | process_image SUMMARY | plates=1 | discarded_prefilter=3 | discarded_invalid=0
2026-03-06 15:24:27,492 | INFO | plate_detector | analyze_image DONE | image=C:\Users\tomas\OneDrive\Documentos\vscodepy\LectorFinal\media\analyzed\2026\03\06\IVX112_FrgZ87s.jpg | plates=1 | candidates=4 | elapsed=23.99s
2026-03-06 15:24:27,530 | INFO | django.server | "POST /upload-analyze/ HTTP/1.1" 302 0
2026-03-06 15:24:27,556 | INFO | django.server | "GET /image-analysis/ HTTP/1.1" 200 28125
2026-03-06 15:25:14,083 | INFO | django.server | "GET /plates/ HTTP/1.1" 200 174461
2026-03-06 15:25:14,362 | INFO | django.server | "GET /media/analyzed/2026/03/06/IVX112_FrgZ87s.jpg HTTP/1.1" 200 72168
2026-03-06 15:25:14,377 | INFO | django.server | "GET /media/analyzed/2026/03/06/IVX112.jpg HTTP/1.1" 304 0
2026-03-06 15:26:02,633 | INFO | django.utils.autoreload | C:\Users\tomas\OneDrive\Documentos\vscodepy\LectorFinal\plate_detector\forms.py changed, reloading.
2026-03-06 15:26:07,049 | INFO | django.utils.autoreload | Watching for file changes with StatReloader
2026-03-06 15:26:13,655 | INFO | django.server | "GET /plates/ HTTP/1.1" 200 174461
2026-03-06 15:26:13,768 | INFO | django.server | "GET /media/analyzed/2026/03/06/IVX112_FrgZ87s.jpg HTTP/1.1" 304 0
2026-03-06 15:26:13,816 | INFO | django.server | "GET /media/analyzed/2026/03/06/IVX112.jpg HTTP/1.1" 304 0
2026-03-06 15:26:21,287 | INFO | django.server | "GET /vehicles/ HTTP/1.1" 200 17253
2026-03-06 15:26:59,139 | INFO | django.server | "POST /vehicles/ HTTP/1.1" 302 0
2026-03-06 15:26:59,171 | INFO | django.server | "GET /vehicles/ HTTP/1.1" 200 18684
2026-03-06 15:27:05,911 | INFO | django.server | "GET /vehicles/delete/5/ HTTP/1.1" 302 0
2026-03-06 15:27:05,951 | INFO | django.server | "GET /vehicles/ HTTP/1.1" 200 18770
2026-03-06 15:27:09,129 | INFO | django.server | "GET /vehicles/delete/6/ HTTP/1.1" 302 0
2026-03-06 15:27:09,162 | INFO | django.server | "GET /vehicles/ HTTP/1.1" 200 18567
2026-03-06 15:27:12,440 | INFO | django.server | "GET /plates/ HTTP/1.1" 200 174424
2026-03-06 15:27:12,678 | INFO | django.server | "GET /media/analyzed/2026/03/06/IVX112_FrgZ87s.jpg HTTP/1.1" 304 0
2026-03-06 15:27:12,709 | INFO | django.server | "GET /media/analyzed/2026/03/06/IVX112.jpg HTTP/1.1" 304 0
2026-03-06 17:44:03,008 | INFO | django.utils.autoreload | Watching for file changes with StatReloader
2026-03-06 17:44:14,595 | INFO | django.server | "GET / HTTP/1.1" 302 0
2026-03-06 17:44:14,889 | INFO | django.server | "GET /dashboard/ HTTP/1.1" 200 46814
2026-03-06 17:44:15,509 | INFO | django.server | "GET /media/analyzed/2026/03/06/IVX112_FrgZ87s.jpg HTTP/1.1" 304 0
2026-03-06 17:44:15,521 | INFO | django.server | "GET /media/analyzed/2026/03/06/s8d1o0yuw7p91.jpg HTTP/1.1" 304 0
2026-03-06 17:44:15,524 | INFO | django.server | "GET /media/analyzed/2026/03/06/IVX112.jpg HTTP/1.1" 304 0
2026-03-06 17:44:15,531 | INFO | django.server | "GET /media/analyzed/2026/03/06/recall-patente-mercosurjpg_9Qpl182.webp HTTP/1.1" 304 0
2026-03-06 17:44:15,531 | INFO | django.server | "GET /media/analyzed/2026/03/06/auto228_A44Jv1n.jpg HTTP/1.1" 304 0
2026-03-06 17:44:15,531 | INFO | django.server | "GET /media/analyzed/2026/03/06/565559_1_im_eqtdCLQ.jpg HTTP/1.1" 304 0
2026-03-06 17:44:15,536 | INFO | django.server | "GET /media/analyzed/2026/03/06/images_5_Ndbmoef.jpg HTTP/1.1" 304 0
2026-03-06 17:44:15,545 | INFO | django.server | "GET /media/analyzed/2026/03/06/NPAZ_888c03e1a35846d8a9178930be95b1991_l6693F9.jpg HTTP/1.1" 304 0
2026-03-06 17:44:22,267 | INFO | django.server | "GET /logout/ HTTP/1.1" 302 0
2026-03-06 17:44:22,291 | INFO | django.server | "GET / HTTP/1.1" 200 9408
2026-03-06 17:44:34,319 | INFO | django.server | "POST / HTTP/1.1" 302 0
2026-03-06 17:44:34,433 | INFO | django.server | "GET /dashboard/ HTTP/1.1" 200 46814
2026-03-06 17:44:54,043 | INFO | django.server | "GET /vehicles/ HTTP/1.1" 200 18282
2026-03-06 17:45:26,572 | INFO | django.server | "POST /vehicles/ HTTP/1.1" 302 0
2026-03-06 17:45:26,597 | INFO | django.server | "GET /vehicles/ HTTP/1.1" 200 19711
2026-03-06 17:46:08,547 | INFO | django.server | "GET /vehicles/edit/9/ HTTP/1.1" 200 10806
2026-03-06 17:46:13,954 | INFO | django.server | "POST /vehicles/edit/9/ HTTP/1.1" 302 0
2026-03-06 17:46:13,980 | INFO | django.server | "GET /vehicles/ HTTP/1.1" 200 20002
2026-03-06 17:46:45,454 | INFO | django.server | "GET /image-analysis/ HTTP/1.1" 200 27813
2026-03-06 17:47:13,065 | INFO | plate_detector | analyze_image START | image=C:\Users\tomas\OneDrive\Documentos\vscodepy\LectorFinal\media\analyzed\2026\03\06\565559_1_im_QceOtX5.jpg
2026-03-06 17:47:20,814 | INFO | plate_detector | process_image | candidates=4
2026-03-06 17:47:27,195 | WARNING | easyocr.easyocr | Using CPU. Note: This module is much faster with a GPU.
2026-03-06 17:47:52,125 | INFO | plate_detector | process_image SUMMARY | plates=1 | discarded_prefilter=3 | discarded_invalid=0
2026-03-06 17:47:52,127 | INFO | plate_detector | analyze_image DONE | image=C:\Users\tomas\OneDrive\Documentos\vscodepy\LectorFinal\media\analyzed\2026\03\06\565559_1_im_QceOtX5.jpg | plates=1 | candidates=4 | elapsed=39.06s
2026-03-06 17:47:52,182 | INFO | django.server | "POST /upload-analyze/ HTTP/1.1" 302 0
2026-03-06 17:47:52,212 | INFO | django.server | "GET /image-analysis/ HTTP/1.1" 200 28321
2026-03-06 17:47:59,348 | INFO | django.server | "GET /analysis/92/ HTTP/1.1" 200 20357
2026-03-06 17:47:59,629 | INFO | django.server | "GET /media/analyzed/2026/03/06/565559_1_im_QceOtX5.jpg HTTP/1.1" 200 233671
2026-03-06 17:47:59,652 | INFO | django.server | "GET /media/analyzed/2026/03/06/565559_1_im_QceOtX5_annotated.jpg HTTP/1.1" 200 312889
2026-03-06 17:49:04,630 | INFO | django.server | "GET /dashboard/ HTTP/1.1" 200 46973
2026-03-06 17:49:04,748 | INFO | django.server | "GET /media/analyzed/2026/03/06/565559_1_im_QceOtX5.jpg HTTP/1.1" 304 0
